2026-03-17 22:16:23,855 | INFO | Loading test data: d:/03_Development/translate_akkadian/input/competitions/test_subset.csv
2026-03-17 22:16:23,863 | INFO | Test samples: 200
2026-03-17 22:16:23,867 | INFO | ============================================================
2026-03-17 22:16:23,867 | INFO | Ensemble ¡Á MBR  | Cross-model candidate pooling  v2
2026-03-17 22:16:23,867 | INFO |   Model A           : d:/03_Development/translate_akkadian/input/datasets/assiaben/byt5-akkadian-optimized-34x
2026-03-17 22:16:23,867 | INFO |   Model B           : d:/03_Development/translate_akkadian/input/models/mattiaangeli/byt5-akkadian-mbr-v2-pytorch-default-v1
2026-03-17 22:16:23,867 | INFO |   Standard beam     : 4 (num_beams=8)
2026-03-17 22:16:23,869 | INFO |   Cands/model/sample: 4
2026-03-17 22:16:23,869 | INFO | Total pool (2 models)   : ~8 (before dedup)
2026-03-17 22:16:23,869 | INFO | ============================================================
2026-03-17 22:16:23,869 | INFO | 
2026-03-17 22:16:23,869 | INFO | Dataset loaded: 200 samples
2026-03-17 22:16:23,870 | INFO | Loading model [Model A]: d:/03_Development/translate_akkadian/input/datasets/assiaben/byt5-akkadian-optimized-34x
2026-03-17 22:16:29,737 | INFO | Loading model [Model B]: d:/03_Development/translate_akkadian/input/models/mattiaangeli/byt5-akkadian-mbr-v2-pytorch-default-v1
2026-03-17 22:16:33,215 | INFO | Running Model A...
2026-03-17 22:17:28,433 | INFO | Loading test data: d:/03_Development/translate_akkadian/input/competitions/test_subset.csv
2026-03-17 22:17:28,442 | INFO | Test samples: 200
2026-03-17 22:17:28,445 | INFO | ============================================================
2026-03-17 22:17:28,445 | INFO | Ensemble ¡Á MBR  | Cross-model candidate pooling  v2
2026-03-17 22:17:28,445 | INFO |   Model A           : d:/03_Development/translate_akkadian/input/datasets/assiaben/byt5-akkadian-optimized-34x
2026-03-17 22:17:28,445 | INFO |   Model B           : d:/03_Development/translate_akkadian/input/models/mattiaangeli/byt5-akkadian-mbr-v2-pytorch-default-v1
2026-03-17 22:17:28,445 | INFO |   Standard beam     : 4 (num_beams=8)
2026-03-17 22:17:28,445 | INFO |   Cands/model/sample: 4
2026-03-17 22:17:28,445 | INFO | Total pool (2 models)   : ~8 (before dedup)
2026-03-17 22:17:28,446 | INFO | ============================================================
2026-03-17 22:17:28,446 | INFO | 
2026-03-17 22:17:28,446 | INFO | Dataset loaded: 200 samples
2026-03-17 22:17:28,446 | INFO | Loading model [Model A]: d:/03_Development/translate_akkadian/input/datasets/assiaben/byt5-akkadian-optimized-34x
2026-03-17 22:17:33,676 | INFO | Loading model [Model B]: d:/03_Development/translate_akkadian/input/models/mattiaangeli/byt5-akkadian-mbr-v2-pytorch-default-v1
2026-03-17 22:17:35,991 | INFO | Running Model A...
2026-03-17 22:18:37,693 | INFO | Loading test data: d:/03_Development/translate_akkadian/input/competitions/test_subset.csv
2026-03-17 22:18:37,702 | INFO | Test samples: 200
2026-03-17 22:18:37,705 | INFO | ============================================================
2026-03-17 22:18:37,705 | INFO | Ensemble ¡Á MBR  | Cross-model candidate pooling  v2
2026-03-17 22:18:37,705 | INFO |   Model A           : d:/03_Development/translate_akkadian/input/datasets/assiaben/byt5-akkadian-optimized-34x
2026-03-17 22:18:37,705 | INFO |   Model B           : d:/03_Development/translate_akkadian/input/models/mattiaangeli/byt5-akkadian-mbr-v2-pytorch-default-v1
2026-03-17 22:18:37,705 | INFO |   Standard beam     : 4 (num_beams=8)
2026-03-17 22:18:37,707 | INFO |   Cands/model/sample: 4
2026-03-17 22:18:37,707 | INFO | Total pool (2 models)   : ~8 (before dedup)
2026-03-17 22:18:37,707 | INFO | ============================================================
2026-03-17 22:18:37,707 | INFO | 
2026-03-17 22:18:37,707 | INFO | Dataset loaded: 200 samples
2026-03-17 22:18:37,708 | INFO | Loading model [Model A]: d:/03_Development/translate_akkadian/input/datasets/assiaben/byt5-akkadian-optimized-34x
2026-03-17 22:18:42,016 | INFO | Loading model [Model B]: d:/03_Development/translate_akkadian/input/models/mattiaangeli/byt5-akkadian-mbr-v2-pytorch-default-v1
2026-03-17 22:18:44,076 | INFO | Running Model A...
2026-03-17 23:00:10,179 | INFO | Model A completed: 200 pools
2026-03-17 23:00:10,179 | INFO | Running Model B...
2026-03-17 23:42:34,093 | INFO | Model B completed: 200 pools
2026-03-17 23:42:34,094 | INFO | Total unique IDs: 200
2026-03-17 23:42:43,719 | INFO | MBR selection completed: 200 samples
2026-03-17 23:42:43,767 | INFO | Saved ¡ú d:\03_Development\translate_akkadian\working\submission.csv  (200 rows)
2026-03-17 23:57:02,907 | INFO | Loading test data: d:/03_Development/translate_akkadian/input/competitions/test_subset.csv
2026-03-17 23:57:02,916 | INFO | Test samples: 200
2026-03-17 23:57:02,918 | INFO | ============================================================
2026-03-17 23:57:02,918 | INFO | Ensemble ¡Á MBR  | Cross-model candidate pooling  v2
2026-03-17 23:57:02,918 | INFO |   Model A           : d:/03_Development/translate_akkadian/input/datasets/assiaben/byt5-akkadian-optimized-34x
2026-03-17 23:57:02,918 | INFO |   Model B           : d:/03_Development/translate_akkadian/input/models/mattiaangeli/byt5-akkadian-mbr-v2-pytorch-default-v1
2026-03-17 23:57:02,918 | INFO |   Standard beam     : 4 (num_beams=8)
2026-03-17 23:57:02,918 | INFO |   Cands/model/sample: 4
2026-03-17 23:57:02,918 | INFO | Total pool (2 models)   : ~8 (before dedup)
2026-03-17 23:57:02,920 | INFO | ============================================================
2026-03-17 23:57:02,920 | INFO | 
2026-03-17 23:57:02,920 | INFO | Dataset loaded: 200 samples
2026-03-17 23:57:02,920 | INFO | Loading model [Model A]: d:/03_Development/translate_akkadian/input/datasets/assiaben/byt5-akkadian-optimized-34x
2026-03-17 23:57:08,683 | INFO | Loading model [Model B]: d:/03_Development/translate_akkadian/input/models/mattiaangeli/byt5-akkadian-mbr-v2-pytorch-default-v1
2026-03-17 23:57:11,925 | INFO | Running Model A...
2026-03-18 00:34:22,343 | INFO | Model A completed: 200 pools
2026-03-18 00:34:22,343 | INFO | Running Model B...
2026-03-18 01:15:26,751 | INFO | Model B completed: 200 pools
2026-03-18 01:15:26,751 | INFO | Total unique IDs: 200
2026-03-18 01:15:38,408 | INFO | MBR selection completed: 200 samples
2026-03-18 01:15:38,427 | INFO | Saved ¡ú d:\03_Development\translate_akkadian\working\submission.csv  (200 rows)
2026-03-18 19:35:35,678 | INFO | Loading test data: d:/03_Development/translate_akkadian/input/competitions/test_subset.csv
2026-03-18 19:35:35,689 | INFO | Test samples: 200
2026-03-18 19:35:35,692 | INFO | ============================================================
2026-03-18 19:35:35,692 | INFO | Ensemble Ã— MBR  | Cross-model candidate pooling  v2
2026-03-18 19:35:35,692 | INFO |   Model A           : d:/03_Development/translate_akkadian/input/datasets/assiaben/byt5-akkadian-optimized-34x
2026-03-18 19:35:35,692 | INFO |   Model B           : d:/03_Development/translate_akkadian/input/models/mattiaangeli/byt5-akkadian-mbr-v2-pytorch-default-v1
2026-03-18 19:35:35,692 | INFO |   Standard beam     : 4 (num_beams=8)
2026-03-18 19:35:35,692 | INFO |   Cands/model/sample: 4
2026-03-18 19:35:35,692 | INFO | Total pool (2 models)   : ~8 (before dedup)
2026-03-18 19:35:35,692 | INFO | ============================================================
2026-03-18 19:35:35,692 | INFO | 
2026-03-18 19:35:35,692 | INFO | Dataset loaded: 200 samples
2026-03-18 19:35:35,692 | INFO | Loading model [Model A]: d:/03_Development/translate_akkadian/input/datasets/assiaben/byt5-akkadian-optimized-34x
2026-03-18 19:35:41,371 | INFO | Loading model [Model B]: d:/03_Development/translate_akkadian/input/models/mattiaangeli/byt5-akkadian-mbr-v2-pytorch-default-v1
2026-03-18 19:35:44,568 | INFO | Running Model A...
2026-03-18 19:44:19,438 | INFO | Loading test data: d:/03_Development/translate_akkadian/input/competitions/test_subset.csv
2026-03-18 19:44:19,445 | INFO | Test samples: 200
2026-03-18 19:44:19,447 | INFO | ============================================================
2026-03-18 19:44:19,447 | INFO | Ensemble Ã— MBR  | Cross-model candidate pooling  v2
2026-03-18 19:44:19,447 | INFO |   Model A           : d:/03_Development/translate_akkadian/input/datasets/assiaben/byt5-akkadian-optimized-34x
2026-03-18 19:44:19,447 | INFO |   Model B           : d:/03_Development/translate_akkadian/input/models/mattiaangeli/byt5-akkadian-mbr-v2-pytorch-default-v1
2026-03-18 19:44:19,447 | INFO |   Standard beam     : 4 (num_beams=8)
2026-03-18 19:44:19,447 | INFO |   Cands/model/sample: 4
2026-03-18 19:44:19,447 | INFO | Total pool (2 models)   : ~8 (before dedup)
2026-03-18 19:44:19,447 | INFO | ============================================================
2026-03-18 19:44:19,447 | INFO | 
2026-03-18 19:44:19,449 | INFO | Dataset loaded: 200 samples
2026-03-18 19:44:19,449 | INFO | Loading model [Model A]: d:/03_Development/translate_akkadian/input/datasets/assiaben/byt5-akkadian-optimized-34x
2026-03-18 19:44:24,615 | INFO | Loading model [Model B]: d:/03_Development/translate_akkadian/input/models/mattiaangeli/byt5-akkadian-mbr-v2-pytorch-default-v1
2026-03-18 19:44:27,237 | INFO | Running Model A...
2026-03-18 19:46:03,677 | INFO | Model A completed: 200 pools
2026-03-18 19:46:03,677 | INFO | Running Model B...
2026-03-18 19:47:37,086 | INFO | Model B completed: 200 pools
2026-03-18 19:47:37,086 | INFO | Total unique IDs: 200
2026-03-18 19:47:37,126 | INFO | MBR selection completed: 200 samples
2026-03-18 19:47:37,127 | INFO | Postprocessing translations...
2026-03-18 19:47:37,135 | INFO | Postprocessing completed
2026-03-18 19:47:37,144 | INFO | Saved â†’ d:\03_Development\translate_akkadian\working\submission.csv  (200 rows)
2026-03-18 19:49:13,853 | INFO | Loading test data: d:/03_Development/translate_akkadian/input/competitions/test_subset.csv
2026-03-18 19:49:13,868 | INFO | Test samples: 200
2026-03-18 19:49:13,872 | INFO | ============================================================
2026-03-18 19:49:13,872 | INFO | Ensemble Ã— MBR  | Cross-model candidate pooling  v2
2026-03-18 19:49:13,872 | INFO |   Model A           : d:/03_Development/translate_akkadian/input/datasets/assiaben/byt5-akkadian-optimized-34x
2026-03-18 19:49:13,872 | INFO |   Model B           : d:/03_Development/translate_akkadian/input/models/mattiaangeli/byt5-akkadian-mbr-v2-pytorch-default-v1
2026-03-18 19:49:13,872 | INFO |   Standard beam     : 4 (num_beams=8)
2026-03-18 19:49:13,872 | INFO |   Cands/model/sample: 4
2026-03-18 19:49:13,872 | INFO | Total pool (2 models)   : ~8 (before dedup)
2026-03-18 19:49:13,872 | INFO | ============================================================
2026-03-18 19:49:13,872 | INFO | 
2026-03-18 19:49:13,872 | INFO | Dataset loaded: 200 samples
2026-03-18 19:49:13,872 | INFO | Loading model [Model A]: d:/03_Development/translate_akkadian/input/datasets/assiaben/byt5-akkadian-optimized-34x
2026-03-18 19:49:19,158 | INFO | Loading model [Model B]: d:/03_Development/translate_akkadian/input/models/mattiaangeli/byt5-akkadian-mbr-v2-pytorch-default-v1
2026-03-18 19:49:21,252 | INFO | Running Model A...
2026-03-18 19:51:01,152 | INFO | Model A completed: 200 pools
2026-03-18 19:51:01,153 | INFO | Running Model B...
2026-03-18 19:52:51,073 | INFO | Model B completed: 200 pools
2026-03-18 19:52:51,073 | INFO | Total unique IDs: 200
2026-03-18 19:52:51,134 | INFO | MBR selection completed: 200 samples
2026-03-18 19:52:51,135 | INFO | Postprocessing translations...
2026-03-18 19:52:51,143 | INFO | Postprocessing completed
2026-03-18 19:52:51,154 | INFO | Saved â†’ d:\03_Development\translate_akkadian\working\submission.csv  (200 rows)
2026-03-18 20:02:18,591 | INFO | Loading test data: d:/03_Development/translate_akkadian/input/competitions/test_subset.csv
2026-03-18 20:02:18,607 | INFO | Test samples: 200
2026-03-18 20:02:18,608 | INFO | ============================================================
2026-03-18 20:02:18,608 | INFO | Ensemble Ã— MBR  | Cross-model candidate pooling  v2
2026-03-18 20:02:18,608 | INFO |   Model A           : d:/03_Development/translate_akkadian/input/datasets/assiaben/byt5-akkadian-optimized-34x
2026-03-18 20:02:18,609 | INFO |   Model B           : d:/03_Development/translate_akkadian/input/models/mattiaangeli/byt5-akkadian-mbr-v2-pytorch-default-v1
2026-03-18 20:02:18,609 | INFO |   Standard beam     : 4 (num_beams=8)
2026-03-18 20:02:18,609 | INFO |   Cands/model/sample: 4
2026-03-18 20:02:18,609 | INFO | Total pool (2 models)   : ~8 (before dedup)
2026-03-18 20:02:18,609 | INFO | ============================================================
2026-03-18 20:02:18,609 | INFO | 
2026-03-18 20:02:18,609 | INFO | Dataset loaded: 200 samples
2026-03-18 20:02:18,609 | INFO | Loading model [Model A]: d:/03_Development/translate_akkadian/input/datasets/assiaben/byt5-akkadian-optimized-34x
2026-03-18 20:02:21,537 | INFO | Loading model [Model B]: d:/03_Development/translate_akkadian/input/models/mattiaangeli/byt5-akkadian-mbr-v2-pytorch-default-v1
2026-03-18 20:02:24,679 | INFO | Running Model A...
2026-03-18 20:03:48,992 | INFO | Model A completed: 200 pools
2026-03-18 20:03:48,992 | INFO | Running Model B...
2026-03-18 20:05:08,955 | INFO | Model B completed: 200 pools
2026-03-18 20:05:08,955 | INFO | Total unique IDs: 200
2026-03-18 20:05:08,998 | INFO | MBR selection completed: 200 samples
2026-03-18 20:05:09,000 | INFO | Postprocessing translations...
2026-03-18 20:05:09,008 | INFO | Postprocessing completed
2026-03-18 20:05:09,014 | INFO | Saved â†’ d:\03_Development\translate_akkadian\working\submission.csv  (200 rows)
2026-03-18 20:16:40,786 | INFO | Loading test data: d:/03_Development/translate_akkadian/input/competitions/test_subset.csv
2026-03-18 20:16:40,798 | INFO | Test samples: 200
2026-03-18 20:16:40,801 | INFO | Loading models...
2026-03-18 20:16:40,801 | INFO | [ModelA] Loading from d:/03_Development/translate_akkadian/input/datasets/assiaben/byt5-akkadian-optimized-34x
2026-03-18 20:16:45,264 | INFO | [ModelA] 581,653,248 parameters
2026-03-18 20:16:45,266 | INFO | [ModelA] GPU mem used: 2.38 GB
2026-03-18 20:16:45,266 | WARNING | [ModelA] BetterTransformer skipped: No module named 'optimum'
2026-03-18 20:16:45,266 | INFO | [ModelB] Loading from d:/03_Development/translate_akkadian/input/models/mattiaangeli/byt5-akkadian-mbr-v2-pytorch-default-v1
2026-03-18 20:16:47,872 | INFO | [ModelB] 581,653,248 parameters
2026-03-18 20:16:47,873 | INFO | [ModelB] GPU mem used: 4.77 GB
2026-03-18 20:16:47,873 | WARNING | [ModelB] BetterTransformer skipped: No module named 'optimum'
2026-03-18 20:17:31,002 | INFO | Loading test data: d:/03_Development/translate_akkadian/input/competitions/test_subset.csv
2026-03-18 20:17:31,010 | INFO | Test samples: 200
2026-03-18 20:17:31,014 | INFO | Loading models...
2026-03-18 20:17:31,014 | INFO | [ModelA] Loading from d:/03_Development/translate_akkadian/input/datasets/assiaben/byt5-akkadian-optimized-34x
2026-03-18 20:17:34,719 | INFO | [ModelA] 581,653,248 parameters
2026-03-18 20:17:34,720 | INFO | [ModelA] GPU mem used: 2.38 GB
2026-03-18 20:17:34,720 | WARNING | [ModelA] BetterTransformer skipped: No module named 'optimum'
2026-03-18 20:17:34,720 | INFO | [ModelB] Loading from d:/03_Development/translate_akkadian/input/models/mattiaangeli/byt5-akkadian-mbr-v2-pytorch-default-v1
2026-03-18 20:17:36,707 | INFO | [ModelB] 581,653,248 parameters
2026-03-18 20:17:36,707 | INFO | [ModelB] GPU mem used: 4.77 GB
2026-03-18 20:17:36,708 | WARNING | [ModelB] BetterTransformer skipped: No module named 'optimum'
2026-03-18 20:17:36,745 | INFO | Dataset: 200 samples
2026-03-18 20:17:36,746 | INFO |   Bucket 0: 33 samples, len [7, 24]
2026-03-18 20:17:36,746 | INFO |   Bucket 1: 33 samples, len [25, 39]
2026-03-18 20:17:36,746 | INFO |   Bucket 2: 33 samples, len [39, 53]
2026-03-18 20:17:36,746 | INFO |   Bucket 3: 33 samples, len [54, 72]
2026-03-18 20:17:36,746 | INFO |   Bucket 4: 33 samples, len [72, 101]
2026-03-18 20:17:36,748 | INFO |   Bucket 5: 35 samples, len [102, 149]
2026-03-18 20:17:40,296 | INFO | [ModelA] Pool per sample: 10 candidates (beam=4, diverse=0, sample=6)
2026-03-18 20:17:41,900 | INFO | [ModelB] Pool per sample: 10 candidates (beam=4, diverse=0, sample=6)
2026-03-18 20:18:02,137 | INFO | Loading test data: d:/03_Development/translate_akkadian/input/competitions/test_subset.csv
2026-03-18 20:18:02,144 | INFO | Test samples: 200
2026-03-18 20:18:02,147 | INFO | Loading models...
2026-03-18 20:18:02,147 | INFO | [ModelA] Loading from d:/03_Development/translate_akkadian/input/datasets/assiaben/byt5-akkadian-optimized-34x
2026-03-18 20:18:05,986 | INFO | [ModelA] 581,653,248 parameters
2026-03-18 20:18:05,986 | INFO | [ModelA] GPU mem used: 2.38 GB
2026-03-18 20:18:05,986 | WARNING | [ModelA] BetterTransformer skipped: No module named 'optimum'
2026-03-18 20:18:05,986 | INFO | [ModelB] Loading from d:/03_Development/translate_akkadian/input/models/mattiaangeli/byt5-akkadian-mbr-v2-pytorch-default-v1
2026-03-18 20:18:08,103 | INFO | [ModelB] 581,653,248 parameters
2026-03-18 20:18:08,103 | INFO | [ModelB] GPU mem used: 4.77 GB
2026-03-18 20:18:08,105 | WARNING | [ModelB] BetterTransformer skipped: No module named 'optimum'
2026-03-18 20:18:08,147 | INFO | Dataset: 200 samples
2026-03-18 20:18:08,149 | INFO |   Bucket 0: 33 samples, len [7, 24]
2026-03-18 20:18:08,150 | INFO |   Bucket 1: 33 samples, len [25, 39]
2026-03-18 20:18:08,150 | INFO |   Bucket 2: 33 samples, len [39, 53]
2026-03-18 20:18:08,150 | INFO |   Bucket 3: 33 samples, len [54, 72]
2026-03-18 20:18:08,150 | INFO |   Bucket 4: 33 samples, len [72, 101]
2026-03-18 20:18:08,150 | INFO |   Bucket 5: 35 samples, len [102, 149]
2026-03-18 20:18:11,983 | INFO | [ModelA] Pool per sample: 10 candidates (beam=4, diverse=0, sample=6)
2026-03-18 20:18:13,597 | INFO | [ModelB] Pool per sample: 10 candidates (beam=4, diverse=0, sample=6)
2026-03-18 20:18:16,192 | INFO | [ModelA] Pool per sample: 10 candidates (beam=4, diverse=0, sample=6)
2026-03-18 20:18:18,600 | INFO | [ModelB] Pool per sample: 10 candidates (beam=4, diverse=0, sample=6)
2026-03-18 20:18:21,700 | INFO | [ModelA] Pool per sample: 10 candidates (beam=4, diverse=0, sample=6)
2026-03-18 20:18:24,454 | INFO | [ModelB] Pool per sample: 10 candidates (beam=4, diverse=0, sample=6)
2026-03-18 20:18:28,073 | INFO | [ModelA] Pool per sample: 10 candidates (beam=4, diverse=0, sample=6)
2026-03-18 20:18:31,854 | INFO | [ModelB] Pool per sample: 10 candidates (beam=4, diverse=0, sample=6)
2026-03-18 20:18:36,553 | INFO | [ModelA] Pool per sample: 10 candidates (beam=4, diverse=0, sample=6)
2026-03-18 20:18:41,389 | INFO | [ModelB] Pool per sample: 10 candidates (beam=4, diverse=0, sample=6)
2026-03-18 20:20:04,564 | INFO | Loading test data: d:/03_Development/translate_akkadian/input/competitions/test_subset.csv
2026-03-18 20:20:04,569 | INFO | Test samples: 200
2026-03-18 20:20:04,572 | INFO | Loading models...
2026-03-18 20:20:04,572 | INFO | [ModelA] Loading from d:/03_Development/translate_akkadian/input/datasets/assiaben/byt5-akkadian-optimized-34x
2026-03-18 20:20:08,908 | INFO | [ModelA] 581,653,248 parameters
2026-03-18 20:20:08,908 | INFO | [ModelA] GPU mem used: 2.38 GB
2026-03-18 20:20:08,910 | WARNING | [ModelA] BetterTransformer skipped: No module named 'optimum'
2026-03-18 20:20:08,910 | INFO | [ModelB] Loading from d:/03_Development/translate_akkadian/input/models/mattiaangeli/byt5-akkadian-mbr-v2-pytorch-default-v1
2026-03-18 20:20:11,014 | INFO | [ModelB] 581,653,248 parameters
2026-03-18 20:20:11,014 | INFO | [ModelB] GPU mem used: 4.77 GB
2026-03-18 20:20:11,016 | WARNING | [ModelB] BetterTransformer skipped: No module named 'optimum'
2026-03-18 20:20:11,056 | INFO | Dataset: 200 samples
2026-03-18 20:20:11,057 | INFO |   Bucket 0: 33 samples, len [7, 24]
2026-03-18 20:20:11,057 | INFO |   Bucket 1: 33 samples, len [25, 39]
2026-03-18 20:20:11,057 | INFO |   Bucket 2: 33 samples, len [39, 53]
2026-03-18 20:20:11,057 | INFO |   Bucket 3: 33 samples, len [54, 72]
2026-03-18 20:20:11,057 | INFO |   Bucket 4: 33 samples, len [72, 101]
2026-03-18 20:20:11,059 | INFO |   Bucket 5: 35 samples, len [102, 149]
2026-03-18 20:20:14,391 | INFO | [ModelA] Pool per sample: 10 candidates (beam=4, diverse=0, sample=6)
2026-03-18 20:20:16,090 | INFO | [ModelB] Pool per sample: 10 candidates (beam=4, diverse=0, sample=6)
2026-03-18 20:20:18,686 | INFO | [ModelA] Pool per sample: 10 candidates (beam=4, diverse=0, sample=6)
2026-03-18 20:20:21,288 | INFO | [ModelB] Pool per sample: 10 candidates (beam=4, diverse=0, sample=6)
2026-03-18 20:20:24,350 | INFO | [ModelA] Pool per sample: 10 candidates (beam=4, diverse=0, sample=6)
2026-03-18 20:20:27,384 | INFO | [ModelB] Pool per sample: 10 candidates (beam=4, diverse=0, sample=6)
2026-03-18 20:20:31,067 | INFO | [ModelA] Pool per sample: 10 candidates (beam=4, diverse=0, sample=6)
2026-03-18 20:20:34,993 | INFO | [ModelB] Pool per sample: 10 candidates (beam=4, diverse=0, sample=6)
2026-03-18 20:20:40,114 | INFO | [ModelA] Pool per sample: 10 candidates (beam=4, diverse=0, sample=6)
2026-03-18 20:20:44,797 | INFO | [ModelB] Pool per sample: 10 candidates (beam=4, diverse=0, sample=6)
2026-03-18 20:20:48,536 | INFO | [ModelA] Pool per sample: 10 candidates (beam=4, diverse=0, sample=6)
2026-03-18 20:20:51,972 | INFO | [ModelB] Pool per sample: 10 candidates (beam=4, diverse=0, sample=6)
2026-03-18 20:20:56,449 | INFO | [ModelA] Pool per sample: 10 candidates (beam=4, diverse=0, sample=6)
2026-03-18 20:21:00,792 | INFO | [ModelB] Pool per sample: 10 candidates (beam=4, diverse=0, sample=6)
2026-03-18 20:21:05,779 | INFO | [ModelA] Pool per sample: 10 candidates (beam=4, diverse=0, sample=6)
2026-03-18 20:21:11,267 | INFO | [ModelB] Pool per sample: 10 candidates (beam=4, diverse=0, sample=6)
2026-03-18 20:21:17,816 | INFO | [ModelA] Pool per sample: 10 candidates (beam=4, diverse=0, sample=6)
2026-03-18 20:21:23,721 | INFO | [ModelB] Pool per sample: 10 candidates (beam=4, diverse=0, sample=6)
2026-03-18 20:21:28,925 | INFO | [ModelA] Pool per sample: 10 candidates (beam=4, diverse=0, sample=6)
2026-03-18 20:21:33,893 | INFO | [ModelB] Pool per sample: 10 candidates (beam=4, diverse=0, sample=6)
2026-03-18 20:21:38,736 | INFO | [ModelA] Pool per sample: 10 candidates (beam=4, diverse=0, sample=6)
2026-03-18 20:21:42,992 | INFO | [ModelB] Pool per sample: 10 candidates (beam=4, diverse=0, sample=6)
2026-03-18 20:21:47,256 | INFO | [ModelA] Pool per sample: 10 candidates (beam=4, diverse=0, sample=6)
2026-03-18 20:21:51,243 | INFO | [ModelB] Pool per sample: 10 candidates (beam=4, diverse=0, sample=6)
2026-03-18 20:21:56,718 | INFO | [ModelA] Pool per sample: 10 candidates (beam=4, diverse=0, sample=6)
2026-03-18 20:22:01,870 | INFO | [ModelB] Pool per sample: 10 candidates (beam=4, diverse=0, sample=6)
2026-03-18 20:22:07,944 | INFO | [ModelA] Pool per sample: 10 candidates (beam=4, diverse=0, sample=6)
2026-03-18 20:22:14,011 | INFO | [ModelB] Pool per sample: 10 candidates (beam=4, diverse=0, sample=6)
2026-03-18 20:22:21,861 | INFO | [ModelA] Pool per sample: 10 candidates (beam=4, diverse=0, sample=6)
2026-03-18 20:22:29,454 | INFO | [ModelB] Pool per sample: 10 candidates (beam=4, diverse=0, sample=6)
2026-03-18 20:22:35,764 | INFO | [ModelA] Pool per sample: 10 candidates (beam=4, diverse=0, sample=6)
2026-03-18 20:22:41,526 | INFO | [ModelB] Pool per sample: 10 candidates (beam=4, diverse=0, sample=6)
2026-03-18 20:22:48,612 | INFO | [ModelA] Pool per sample: 10 candidates (beam=4, diverse=0, sample=6)
2026-03-18 20:22:54,772 | INFO | [ModelB] Pool per sample: 10 candidates (beam=4, diverse=0, sample=6)
2026-03-18 20:23:03,915 | INFO | [ModelA] Pool per sample: 10 candidates (beam=4, diverse=0, sample=6)
2026-03-18 20:23:13,278 | INFO | [ModelB] Pool per sample: 10 candidates (beam=4, diverse=0, sample=6)
2026-03-18 20:23:23,597 | INFO | [ModelA] Pool per sample: 10 candidates (beam=4, diverse=0, sample=6)
2026-03-18 20:23:33,239 | INFO | [ModelB] Pool per sample: 10 candidates (beam=4, diverse=0, sample=6)
2026-03-18 20:23:42,336 | INFO | [ModelA] Pool per sample: 10 candidates (beam=4, diverse=0, sample=6)
2026-03-18 20:23:51,121 | INFO | [ModelB] Pool per sample: 10 candidates (beam=4, diverse=0, sample=6)
2026-03-18 20:24:00,972 | INFO | [ModelA] Pool per sample: 10 candidates (beam=4, diverse=0, sample=6)
2026-03-18 20:24:11,176 | INFO | [ModelB] Pool per sample: 10 candidates (beam=4, diverse=0, sample=6)
2026-03-18 20:24:19,207 | INFO | [ModelA] Pool per sample: 10 candidates (beam=4, diverse=0, sample=6)
2026-03-18 20:24:27,777 | INFO | [ModelB] Pool per sample: 10 candidates (beam=4, diverse=0, sample=6)
2026-03-18 20:24:39,464 | INFO | [ModelA] Pool per sample: 10 candidates (beam=4, diverse=0, sample=6)
2026-03-18 20:24:49,635 | INFO | [ModelB] Pool per sample: 10 candidates (beam=4, diverse=0, sample=6)
2026-03-18 20:25:02,710 | INFO | [ModelA] Pool per sample: 10 candidates (beam=4, diverse=0, sample=6)
2026-03-18 20:25:15,563 | INFO | [ModelB] Pool per sample: 10 candidates (beam=4, diverse=0, sample=6)
2026-03-18 20:25:24,715 | INFO | [ModelA] Pool per sample: 10 candidates (beam=4, diverse=0, sample=6)
2026-03-18 20:25:33,238 | INFO | [ModelB] Pool per sample: 10 candidates (beam=4, diverse=0, sample=6)
2026-03-18 20:26:20,212 | INFO | Loading test data: d:/03_Development/translate_akkadian/input/competitions/test_subset.csv
2026-03-18 20:26:20,218 | INFO | Test samples: 200
2026-03-18 20:26:20,220 | INFO | Loading models...
2026-03-18 20:26:20,220 | INFO | [ModelA] Loading from d:/03_Development/translate_akkadian/input/datasets/assiaben/byt5-akkadian-optimized-34x
2026-03-18 20:26:25,257 | INFO | [ModelA] 581,653,248 parameters
2026-03-18 20:26:25,258 | INFO | [ModelA] GPU mem used: 2.38 GB
2026-03-18 20:26:25,259 | WARNING | [ModelA] BetterTransformer skipped: No module named 'optimum'
2026-03-18 20:26:25,259 | INFO | [ModelB] Loading from d:/03_Development/translate_akkadian/input/models/mattiaangeli/byt5-akkadian-mbr-v2-pytorch-default-v1
2026-03-18 20:26:28,538 | INFO | [ModelB] 581,653,248 parameters
2026-03-18 20:26:28,538 | INFO | [ModelB] GPU mem used: 4.77 GB
2026-03-18 20:26:28,538 | WARNING | [ModelB] BetterTransformer skipped: No module named 'optimum'
2026-03-18 20:26:28,582 | INFO | Dataset: 200 samples
2026-03-18 20:26:28,584 | INFO |   Bucket 0: 33 samples, len [7, 24]
2026-03-18 20:26:28,584 | INFO |   Bucket 1: 33 samples, len [25, 39]
2026-03-18 20:26:28,584 | INFO |   Bucket 2: 33 samples, len [39, 53]
2026-03-18 20:26:28,584 | INFO |   Bucket 3: 33 samples, len [54, 72]
2026-03-18 20:26:28,584 | INFO |   Bucket 4: 33 samples, len [72, 101]
2026-03-18 20:26:28,584 | INFO |   Bucket 5: 35 samples, len [102, 149]
2026-03-18 20:26:32,670 | INFO | [ModelA] Pool per sample: 6 candidates (beam=3, diverse=0, sample=3)
2026-03-18 20:26:35,742 | INFO | [ModelB] Pool per sample: 6 candidates (beam=3, diverse=0, sample=3)
2026-03-18 20:26:40,362 | INFO | [ModelA] Pool per sample: 6 candidates (beam=3, diverse=0, sample=3)
2026-03-18 20:26:44,856 | INFO | [ModelB] Pool per sample: 6 candidates (beam=3, diverse=0, sample=3)
2026-03-18 20:26:50,581 | INFO | [ModelA] Pool per sample: 6 candidates (beam=3, diverse=0, sample=3)
2026-03-18 20:26:56,407 | INFO | [ModelB] Pool per sample: 6 candidates (beam=3, diverse=0, sample=3)
2026-03-18 20:27:01,860 | INFO | [ModelA] Pool per sample: 6 candidates (beam=3, diverse=0, sample=3)
2026-03-18 20:27:07,213 | INFO | [ModelB] Pool per sample: 6 candidates (beam=3, diverse=0, sample=3)
2026-03-18 20:27:13,667 | INFO | [ModelA] Pool per sample: 6 candidates (beam=3, diverse=0, sample=3)
2026-03-18 20:27:20,516 | INFO | [ModelB] Pool per sample: 6 candidates (beam=3, diverse=0, sample=3)
2026-03-18 20:27:25,875 | INFO | [ModelA] Pool per sample: 6 candidates (beam=3, diverse=0, sample=3)
2026-03-18 20:27:30,276 | INFO | [ModelB] Pool per sample: 6 candidates (beam=3, diverse=0, sample=3)
2026-03-18 20:27:36,298 | INFO | [ModelA] Pool per sample: 6 candidates (beam=3, diverse=0, sample=3)
2026-03-18 20:27:42,270 | INFO | [ModelB] Pool per sample: 6 candidates (beam=3, diverse=0, sample=3)
2026-03-18 20:27:50,476 | INFO | [ModelA] Pool per sample: 6 candidates (beam=3, diverse=0, sample=3)
2026-03-18 20:27:58,679 | INFO | [ModelB] Pool per sample: 6 candidates (beam=3, diverse=0, sample=3)
2026-03-18 20:28:08,516 | INFO | [ModelA] Pool per sample: 6 candidates (beam=3, diverse=0, sample=3)
2026-03-18 20:28:18,333 | INFO | [ModelB] Pool per sample: 6 candidates (beam=3, diverse=0, sample=3)
2026-03-18 20:28:28,580 | INFO | [ModelA] Pool per sample: 6 candidates (beam=3, diverse=0, sample=3)
2026-03-18 20:28:38,200 | INFO | [ModelB] Pool per sample: 6 candidates (beam=3, diverse=0, sample=3)
2026-03-18 20:28:50,352 | INFO | [ModelA] Pool per sample: 6 candidates (beam=3, diverse=0, sample=3)
2026-03-18 20:29:01,551 | INFO | [ModelB] Pool per sample: 6 candidates (beam=3, diverse=0, sample=3)
2026-03-18 20:29:15,871 | INFO | [ModelA] Pool per sample: 6 candidates (beam=3, diverse=0, sample=3)
2026-03-18 20:29:28,809 | INFO | [ModelB] Pool per sample: 6 candidates (beam=3, diverse=0, sample=3)
2026-03-18 20:29:38,673 | INFO | [ModelA] Pool per sample: 6 candidates (beam=3, diverse=0, sample=3)
2026-03-18 20:29:49,689 | INFO | [ModelB] Pool per sample: 6 candidates (beam=3, diverse=0, sample=3)
2026-03-18 20:30:00,054 | INFO | [ModelA] Pool per sample: 6 candidates (beam=3, diverse=0, sample=3)
2026-03-18 20:30:10,324 | INFO | [ModelB] Pool per sample: 6 candidates (beam=3, diverse=0, sample=3)
2026-03-18 20:30:21,095 | INFO | [ModelA] Pool per sample: 6 candidates (beam=3, diverse=0, sample=3)
2026-03-18 20:30:31,310 | INFO | [ModelB] Pool per sample: 6 candidates (beam=3, diverse=0, sample=3)
2026-03-18 20:31:00,296 | INFO | Loading test data: d:/03_Development/translate_akkadian/input/competitions/test_subset.csv
2026-03-18 20:31:00,303 | INFO | Test samples: 200
2026-03-18 20:31:00,305 | INFO | Loading models...
2026-03-18 20:31:00,305 | INFO | [ModelA] Loading from d:/03_Development/translate_akkadian/input/datasets/assiaben/byt5-akkadian-optimized-34x
2026-03-18 20:31:05,094 | INFO | [ModelA] 581,653,248 parameters
2026-03-18 20:31:05,094 | INFO | [ModelA] GPU mem used: 2.38 GB
2026-03-18 20:31:05,095 | WARNING | [ModelA] BetterTransformer skipped: No module named 'optimum'
2026-03-18 20:31:05,095 | INFO | [ModelB] Loading from d:/03_Development/translate_akkadian/input/models/mattiaangeli/byt5-akkadian-mbr-v2-pytorch-default-v1
2026-03-18 20:31:07,044 | INFO | [ModelB] 581,653,248 parameters
2026-03-18 20:31:07,044 | INFO | [ModelB] GPU mem used: 4.77 GB
2026-03-18 20:31:07,044 | WARNING | [ModelB] BetterTransformer skipped: No module named 'optimum'
2026-03-18 20:31:07,087 | INFO | Dataset: 200 samples
2026-03-18 20:31:07,089 | INFO |   Bucket 0: 33 samples, len [7, 24]
2026-03-18 20:31:07,090 | INFO |   Bucket 1: 33 samples, len [25, 39]
2026-03-18 20:31:07,090 | INFO |   Bucket 2: 33 samples, len [39, 53]
2026-03-18 20:31:07,090 | INFO |   Bucket 3: 33 samples, len [54, 72]
2026-03-18 20:31:07,090 | INFO |   Bucket 4: 33 samples, len [72, 101]
2026-03-18 20:31:07,090 | INFO |   Bucket 5: 35 samples, len [102, 149]
2026-03-18 20:31:10,600 | INFO | [ModelA] Pool per sample: 6 candidates (beam=3, diverse=0, sample=3)
2026-03-18 20:31:13,180 | INFO | [ModelB] Pool per sample: 6 candidates (beam=3, diverse=0, sample=3)
2026-03-18 20:31:16,616 | INFO | [ModelA] Pool per sample: 6 candidates (beam=3, diverse=0, sample=3)
2026-03-18 20:31:20,499 | INFO | [ModelB] Pool per sample: 6 candidates (beam=3, diverse=0, sample=3)
2026-03-18 20:31:25,406 | INFO | [ModelA] Pool per sample: 6 candidates (beam=3, diverse=0, sample=3)
2026-03-18 20:31:30,025 | INFO | [ModelB] Pool per sample: 6 candidates (beam=3, diverse=0, sample=3)
2026-03-18 20:31:34,807 | INFO | [ModelA] Pool per sample: 6 candidates (beam=3, diverse=0, sample=3)
2026-03-18 20:31:39,597 | INFO | [ModelB] Pool per sample: 6 candidates (beam=3, diverse=0, sample=3)
2026-03-18 20:31:45,504 | INFO | [ModelA] Pool per sample: 6 candidates (beam=3, diverse=0, sample=3)
2026-03-18 20:31:51,416 | INFO | [ModelB] Pool per sample: 6 candidates (beam=3, diverse=0, sample=3)
2026-03-18 20:31:56,230 | INFO | [ModelA] Pool per sample: 6 candidates (beam=3, diverse=0, sample=3)
2026-03-18 20:32:00,663 | INFO | [ModelB] Pool per sample: 6 candidates (beam=3, diverse=0, sample=3)
2026-03-18 20:32:07,128 | INFO | [ModelA] Pool per sample: 6 candidates (beam=3, diverse=0, sample=3)
2026-03-18 20:32:13,586 | INFO | [ModelB] Pool per sample: 6 candidates (beam=3, diverse=0, sample=3)
2026-03-18 20:32:20,947 | INFO | [ModelA] Pool per sample: 6 candidates (beam=3, diverse=0, sample=3)
2026-03-18 20:32:28,542 | INFO | [ModelB] Pool per sample: 6 candidates (beam=3, diverse=0, sample=3)
2026-03-18 22:14:15,965 | INFO | Loading test data: d:/03_Development/translate_akkadian/input/competitions/test_subset.csv
2026-03-18 22:14:15,974 | INFO | Test samples: 200
2026-03-18 22:14:15,977 | INFO | Loading models...
2026-03-18 22:14:15,977 | INFO | [ModelA] Loading from d:/03_Development/translate_akkadian/input/datasets/assiaben/byt5-akkadian-optimized-34x
2026-03-18 22:14:21,297 | INFO | [ModelA] 581,653,248 parameters
2026-03-18 22:14:21,297 | INFO | [ModelA] GPU mem used: 2.38 GB
2026-03-18 22:14:21,299 | WARNING | [ModelA] BetterTransformer skipped: No module named 'optimum'
2026-03-18 22:14:21,299 | INFO | [ModelB] Loading from d:/03_Development/translate_akkadian/input/models/mattiaangeli/byt5-akkadian-mbr-v2-pytorch-default-v1
2026-03-18 22:14:24,451 | INFO | [ModelB] 581,653,248 parameters
2026-03-18 22:14:24,452 | INFO | [ModelB] GPU mem used: 4.77 GB
2026-03-18 22:14:24,452 | WARNING | [ModelB] BetterTransformer skipped: No module named 'optimum'
2026-03-18 22:14:24,487 | INFO | Dataset: 200 samples
2026-03-18 22:14:24,489 | INFO |   Bucket 0: 33 samples, len [7, 24]
2026-03-18 22:14:24,489 | INFO |   Bucket 1: 33 samples, len [25, 39]
2026-03-18 22:14:24,489 | INFO |   Bucket 2: 33 samples, len [39, 53]
2026-03-18 22:14:24,489 | INFO |   Bucket 3: 33 samples, len [54, 72]
2026-03-18 22:14:24,490 | INFO |   Bucket 4: 33 samples, len [72, 101]
2026-03-18 22:14:24,490 | INFO |   Bucket 5: 35 samples, len [102, 149]
2026-03-18 22:15:28,181 | INFO | [ModelA] Pool per sample: 6 candidates (beam=3, diverse=0, sample=3)
2026-03-18 22:15:48,933 | INFO | [ModelB] Pool per sample: 6 candidates (beam=3, diverse=0, sample=3)
2026-03-18 22:16:09,593 | INFO | [ModelA] Pool per sample: 6 candidates (beam=3, diverse=0, sample=3)
2026-03-18 22:16:30,531 | INFO | [ModelB] Pool per sample: 6 candidates (beam=3, diverse=0, sample=3)
2026-03-18 22:16:51,465 | INFO | [ModelA] Pool per sample: 6 candidates (beam=3, diverse=0, sample=3)
2026-03-18 22:17:13,141 | INFO | [ModelB] Pool per sample: 6 candidates (beam=3, diverse=0, sample=3)
2026-03-18 22:17:34,691 | INFO | [ModelA] Pool per sample: 6 candidates (beam=3, diverse=0, sample=3)
2026-03-18 22:17:57,382 | INFO | [ModelB] Pool per sample: 6 candidates (beam=3, diverse=0, sample=3)
2026-03-18 22:18:19,476 | INFO | [ModelA] Pool per sample: 6 candidates (beam=3, diverse=0, sample=3)
2026-03-18 22:18:41,140 | INFO | [ModelB] Pool per sample: 6 candidates (beam=3, diverse=0, sample=3)
2026-03-18 22:19:03,109 | INFO | [ModelA] Pool per sample: 6 candidates (beam=3, diverse=0, sample=3)
2026-03-18 22:19:24,844 | INFO | [ModelB] Pool per sample: 6 candidates (beam=3, diverse=0, sample=3)
2026-03-18 22:19:47,146 | INFO | [ModelA] Pool per sample: 6 candidates (beam=3, diverse=0, sample=3)
2026-03-18 22:20:09,112 | INFO | [ModelB] Pool per sample: 6 candidates (beam=3, diverse=0, sample=3)
2026-03-18 22:22:02,286 | INFO | Loading test data: d:/03_Development/translate_akkadian/input/competitions/test_subset.csv
2026-03-18 22:22:02,292 | INFO | Test samples: 200
2026-03-18 22:22:02,296 | INFO | Loading models...
2026-03-18 22:22:02,296 | INFO | [ModelA] Loading from d:/03_Development/translate_akkadian/input/datasets/assiaben/byt5-akkadian-optimized-34x
2026-03-18 22:22:06,736 | INFO | [ModelA] 581,653,248 parameters
2026-03-18 22:22:06,736 | INFO | [ModelA] GPU mem used: 2.38 GB
2026-03-18 22:22:06,737 | WARNING | [ModelA] BetterTransformer skipped: No module named 'optimum'
2026-03-18 22:22:06,737 | INFO | [ModelB] Loading from d:/03_Development/translate_akkadian/input/models/mattiaangeli/byt5-akkadian-mbr-v2-pytorch-default-v1
2026-03-18 22:22:09,503 | INFO | [ModelB] 581,653,248 parameters
2026-03-18 22:22:09,503 | INFO | [ModelB] GPU mem used: 4.77 GB
2026-03-18 22:22:09,503 | WARNING | [ModelB] BetterTransformer skipped: No module named 'optimum'
2026-03-18 22:22:09,543 | INFO | Dataset: 200 samples
2026-03-18 22:22:09,544 | INFO |   Bucket 0: 33 samples, len [7, 24]
2026-03-18 22:22:09,544 | INFO |   Bucket 1: 33 samples, len [25, 39]
2026-03-18 22:22:09,544 | INFO |   Bucket 2: 33 samples, len [39, 53]
2026-03-18 22:22:09,544 | INFO |   Bucket 3: 33 samples, len [54, 72]
2026-03-18 22:22:09,544 | INFO |   Bucket 4: 33 samples, len [72, 101]
2026-03-18 22:22:09,544 | INFO |   Bucket 5: 35 samples, len [102, 149]
2026-03-18 22:23:58,547 | INFO | [ModelA] Pool per sample: 5 candidates (beam=2, diverse=0, sample=3)
2026-03-18 22:24:24,936 | INFO | [ModelB] Pool per sample: 5 candidates (beam=2, diverse=0, sample=3)
2026-03-18 22:24:51,926 | INFO | [ModelA] Pool per sample: 5 candidates (beam=2, diverse=0, sample=3)
2026-03-18 22:25:18,471 | INFO | [ModelB] Pool per sample: 5 candidates (beam=2, diverse=0, sample=3)
2026-03-18 22:25:44,576 | INFO | [ModelA] Pool per sample: 5 candidates (beam=2, diverse=0, sample=3)
2026-03-18 22:26:11,185 | INFO | [ModelB] Pool per sample: 5 candidates (beam=2, diverse=0, sample=3)
2026-03-18 22:26:37,424 | INFO | [ModelA] Pool per sample: 5 candidates (beam=2, diverse=0, sample=3)
2026-03-18 22:27:04,181 | INFO | [ModelB] Pool per sample: 5 candidates (beam=2, diverse=0, sample=3)
2026-03-18 22:27:30,553 | INFO | [ModelA] Pool per sample: 5 candidates (beam=2, diverse=0, sample=3)
2026-03-18 22:27:56,420 | INFO | [ModelB] Pool per sample: 5 candidates (beam=2, diverse=0, sample=3)
2026-03-18 22:28:23,564 | INFO | [ModelA] Pool per sample: 5 candidates (beam=2, diverse=0, sample=3)
2026-03-18 22:28:49,866 | INFO | [ModelB] Pool per sample: 5 candidates (beam=2, diverse=0, sample=3)
2026-03-18 22:29:16,768 | INFO | [ModelA] Pool per sample: 5 candidates (beam=2, diverse=0, sample=3)
2026-03-18 22:29:43,648 | INFO | [ModelB] Pool per sample: 5 candidates (beam=2, diverse=0, sample=3)
2026-03-18 22:30:54,576 | INFO | Loading test data: d:/03_Development/translate_akkadian/input/competitions/test_subset.csv
2026-03-18 22:30:54,587 | INFO | Test samples: 200
2026-03-18 22:30:54,590 | INFO | Loading models...
2026-03-18 22:30:54,590 | INFO | [ModelA] Loading from d:/03_Development/translate_akkadian/input/datasets/assiaben/byt5-akkadian-optimized-34x
2026-03-18 22:30:59,207 | INFO | [ModelA] 581,653,248 parameters
2026-03-18 22:30:59,208 | INFO | [ModelA] GPU mem used: 2.38 GB
2026-03-18 22:30:59,209 | WARNING | [ModelA] BetterTransformer skipped: No module named 'optimum'
2026-03-18 22:30:59,209 | INFO | [ModelB] Loading from d:/03_Development/translate_akkadian/input/models/mattiaangeli/byt5-akkadian-mbr-v2-pytorch-default-v1
2026-03-18 22:31:02,418 | INFO | [ModelB] 581,653,248 parameters
2026-03-18 22:31:02,419 | INFO | [ModelB] GPU mem used: 4.77 GB
2026-03-18 22:31:02,420 | WARNING | [ModelB] BetterTransformer skipped: No module named 'optimum'
2026-03-18 22:31:02,455 | INFO | Dataset: 200 samples
2026-03-18 22:31:02,456 | INFO |   Bucket 0: 33 samples, len [7, 24]
2026-03-18 22:31:02,456 | INFO |   Bucket 1: 33 samples, len [25, 39]
2026-03-18 22:31:02,456 | INFO |   Bucket 2: 33 samples, len [39, 53]
2026-03-18 22:31:02,458 | INFO |   Bucket 3: 33 samples, len [54, 72]
2026-03-18 22:31:02,458 | INFO |   Bucket 4: 33 samples, len [72, 101]
2026-03-18 22:31:02,458 | INFO |   Bucket 5: 35 samples, len [102, 149]
2026-03-18 22:32:41,598 | INFO | [ModelA] Pool per sample: 7 candidates (beam=4, diverse=0, sample=3)
2026-03-18 22:33:05,176 | INFO | [ModelB] Pool per sample: 7 candidates (beam=4, diverse=0, sample=3)
2026-03-18 22:33:27,277 | INFO | [ModelA] Pool per sample: 7 candidates (beam=4, diverse=0, sample=3)
2026-03-18 22:33:49,513 | INFO | [ModelB] Pool per sample: 7 candidates (beam=4, diverse=0, sample=3)
2026-03-18 22:34:11,793 | INFO | [ModelA] Pool per sample: 7 candidates (beam=4, diverse=0, sample=3)
2026-03-18 22:34:33,925 | INFO | [ModelB] Pool per sample: 7 candidates (beam=4, diverse=0, sample=3)
2026-03-18 22:34:56,264 | INFO | [ModelA] Pool per sample: 7 candidates (beam=4, diverse=0, sample=3)
2026-03-18 22:35:18,752 | INFO | [ModelB] Pool per sample: 7 candidates (beam=4, diverse=0, sample=3)
2026-03-18 22:35:41,456 | INFO | [ModelA] Pool per sample: 7 candidates (beam=4, diverse=0, sample=3)
2026-03-18 22:36:03,864 | INFO | [ModelB] Pool per sample: 7 candidates (beam=4, diverse=0, sample=3)
2026-03-18 22:36:26,108 | INFO | [ModelA] Pool per sample: 7 candidates (beam=4, diverse=0, sample=3)
2026-03-18 22:36:48,350 | INFO | [ModelB] Pool per sample: 7 candidates (beam=4, diverse=0, sample=3)
2026-03-18 22:37:12,187 | INFO | [ModelA] Pool per sample: 7 candidates (beam=4, diverse=0, sample=3)
2026-03-18 22:37:35,477 | INFO | [ModelB] Pool per sample: 7 candidates (beam=4, diverse=0, sample=3)
2026-03-18 22:38:00,295 | INFO | [ModelA] Pool per sample: 7 candidates (beam=4, diverse=0, sample=3)
2026-03-18 22:38:26,969 | INFO | [ModelB] Pool per sample: 7 candidates (beam=4, diverse=0, sample=3)
2026-03-18 22:38:53,092 | INFO | [ModelA] Pool per sample: 7 candidates (beam=4, diverse=0, sample=3)
2026-03-18 22:39:19,334 | INFO | [ModelB] Pool per sample: 7 candidates (beam=4, diverse=0, sample=3)
2026-03-18 22:39:45,449 | INFO | [ModelA] Pool per sample: 7 candidates (beam=4, diverse=0, sample=3)
2026-03-18 22:40:08,630 | INFO | [ModelB] Pool per sample: 7 candidates (beam=4, diverse=0, sample=3)
2026-03-18 22:40:31,811 | INFO | [ModelA] Pool per sample: 7 candidates (beam=4, diverse=0, sample=3)
2026-03-18 22:40:55,452 | INFO | [ModelB] Pool per sample: 7 candidates (beam=4, diverse=0, sample=3)
2026-03-18 22:41:19,354 | INFO | [ModelA] Pool per sample: 7 candidates (beam=4, diverse=0, sample=3)
2026-03-18 22:41:44,116 | INFO | [ModelB] Pool per sample: 7 candidates (beam=4, diverse=0, sample=3)
2026-03-18 22:42:08,213 | INFO | [ModelA] Pool per sample: 7 candidates (beam=4, diverse=0, sample=3)
2026-03-18 22:42:31,863 | INFO | [ModelB] Pool per sample: 7 candidates (beam=4, diverse=0, sample=3)
2026-03-18 22:42:56,130 | INFO | [ModelA] Pool per sample: 7 candidates (beam=4, diverse=0, sample=3)
2026-03-18 22:43:20,606 | INFO | [ModelB] Pool per sample: 7 candidates (beam=4, diverse=0, sample=3)
2026-03-18 22:43:34,212 | INFO | Loading test data: d:/03_Development/translate_akkadian/input/competitions/test_subset.csv
2026-03-18 22:43:34,230 | INFO | Test samples: 200
2026-03-18 22:43:34,233 | INFO | Loading models...
2026-03-18 22:43:34,233 | INFO | [ModelA] Loading from d:/03_Development/translate_akkadian/input/datasets/assiaben/byt5-akkadian-optimized-34x
2026-03-18 22:43:43,365 | INFO | [ModelA] 581,653,248 parameters
2026-03-18 22:43:43,370 | INFO | [ModelA] GPU mem used: 2.38 GB
2026-03-18 22:43:43,371 | WARNING | [ModelA] BetterTransformer skipped: No module named 'optimum'
2026-03-18 22:43:43,372 | INFO | [ModelB] Loading from d:/03_Development/translate_akkadian/input/models/mattiaangeli/byt5-akkadian-mbr-v2-pytorch-default-v1
2026-03-18 22:43:48,516 | INFO | [ModelA] Pool per sample: 7 candidates (beam=4, diverse=0, sample=3)
2026-03-18 22:43:50,046 | INFO | [ModelB] 581,653,248 parameters
2026-03-18 22:43:50,052 | INFO | [ModelB] GPU mem used: 4.77 GB
2026-03-18 22:43:50,054 | WARNING | [ModelB] BetterTransformer skipped: No module named 'optimum'
2026-03-18 22:43:50,251 | INFO | Dataset: 200 samples
2026-03-18 22:43:50,255 | INFO |   Bucket 0: 33 samples, len [7, 24]
2026-03-18 22:43:50,255 | INFO |   Bucket 1: 33 samples, len [25, 39]
2026-03-18 22:43:50,256 | INFO |   Bucket 2: 33 samples, len [39, 53]
2026-03-18 22:43:50,256 | INFO |   Bucket 3: 33 samples, len [54, 72]
2026-03-18 22:43:50,256 | INFO |   Bucket 4: 33 samples, len [72, 101]
2026-03-18 22:43:50,257 | INFO |   Bucket 5: 35 samples, len [102, 149]
2026-03-18 22:44:17,340 | INFO | [ModelB] Pool per sample: 7 candidates (beam=4, diverse=0, sample=3)
2026-03-18 22:44:46,492 | INFO | [ModelA] Pool per sample: 7 candidates (beam=4, diverse=0, sample=3)
2026-03-18 22:45:12,415 | INFO | [ModelB] Pool per sample: 7 candidates (beam=4, diverse=0, sample=3)
2026-03-18 22:45:36,313 | INFO | [ModelA] Pool per sample: 7 candidates (beam=4, diverse=0, sample=3)
2026-03-18 22:46:00,912 | INFO | [ModelB] Pool per sample: 7 candidates (beam=4, diverse=0, sample=3)
2026-03-18 22:46:25,814 | INFO | [ModelA] Pool per sample: 7 candidates (beam=4, diverse=0, sample=3)
2026-03-18 22:46:41,127 | INFO | Loading test data: d:/03_Development/translate_akkadian/input/competitions/test_subset.csv
2026-03-18 22:46:41,138 | INFO | Test samples: 200
2026-03-18 22:46:41,140 | INFO | Loading models...
2026-03-18 22:46:41,140 | INFO | [ModelA] Loading from d:/03_Development/translate_akkadian/input/datasets/assiaben/byt5-akkadian-optimized-34x
2026-03-18 22:46:45,691 | INFO | [ModelA] 581,653,248 parameters
2026-03-18 22:46:45,691 | INFO | [ModelA] GPU mem used: 2.38 GB
2026-03-18 22:46:45,691 | WARNING | [ModelA] BetterTransformer skipped: No module named 'optimum'
2026-03-18 22:46:45,691 | INFO | [ModelB] Loading from d:/03_Development/translate_akkadian/input/models/mattiaangeli/byt5-akkadian-mbr-v2-pytorch-default-v1
2026-03-18 22:46:49,276 | INFO | [ModelB] 581,653,248 parameters
2026-03-18 22:46:49,278 | INFO | [ModelB] GPU mem used: 4.77 GB
2026-03-18 22:46:49,278 | WARNING | [ModelB] BetterTransformer skipped: No module named 'optimum'
2026-03-18 22:46:49,309 | INFO | Dataset: 200 samples
2026-03-18 22:46:49,310 | INFO |   Bucket 0: 33 samples, len [7, 24]
2026-03-18 22:46:49,310 | INFO |   Bucket 1: 33 samples, len [25, 39]
2026-03-18 22:46:49,310 | INFO |   Bucket 2: 33 samples, len [39, 53]
2026-03-18 22:46:49,310 | INFO |   Bucket 3: 33 samples, len [54, 72]
2026-03-18 22:46:49,310 | INFO |   Bucket 4: 33 samples, len [72, 101]
2026-03-18 22:46:49,311 | INFO |   Bucket 5: 35 samples, len [102, 149]
2026-03-18 22:46:53,083 | INFO | [ModelA] Pool per sample: 7 candidates (beam=4, diverse=0, sample=3)
2026-03-18 22:46:55,816 | INFO | [ModelB] Pool per sample: 7 candidates (beam=4, diverse=0, sample=3)
2026-03-18 22:46:59,828 | INFO | [ModelA] Pool per sample: 7 candidates (beam=4, diverse=0, sample=3)
2026-03-18 22:47:03,738 | INFO | [ModelB] Pool per sample: 7 candidates (beam=4, diverse=0, sample=3)
2026-03-18 22:47:08,872 | INFO | [ModelA] Pool per sample: 7 candidates (beam=4, diverse=0, sample=3)
2026-03-18 22:47:14,289 | INFO | [ModelB] Pool per sample: 7 candidates (beam=4, diverse=0, sample=3)
2026-03-18 22:47:19,989 | INFO | [ModelA] Pool per sample: 7 candidates (beam=4, diverse=0, sample=3)
2026-03-18 22:47:25,480 | INFO | [ModelB] Pool per sample: 7 candidates (beam=4, diverse=0, sample=3)
2026-03-18 22:47:32,035 | INFO | [ModelA] Pool per sample: 7 candidates (beam=4, diverse=0, sample=3)
2026-03-18 22:47:38,407 | INFO | [ModelB] Pool per sample: 7 candidates (beam=4, diverse=0, sample=3)
2026-03-18 22:47:43,860 | INFO | [ModelA] Pool per sample: 7 candidates (beam=4, diverse=0, sample=3)
2026-03-18 22:47:48,741 | INFO | [ModelB] Pool per sample: 7 candidates (beam=4, diverse=0, sample=3)
2026-03-18 22:47:55,302 | INFO | [ModelA] Pool per sample: 7 candidates (beam=4, diverse=0, sample=3)
2026-03-18 22:48:01,789 | INFO | [ModelB] Pool per sample: 7 candidates (beam=4, diverse=0, sample=3)
2026-03-18 22:48:09,442 | INFO | [ModelA] Pool per sample: 7 candidates (beam=4, diverse=0, sample=3)
2026-03-18 22:48:17,472 | INFO | [ModelB] Pool per sample: 7 candidates (beam=4, diverse=0, sample=3)
2026-03-18 22:48:27,544 | INFO | [ModelA] Pool per sample: 7 candidates (beam=4, diverse=0, sample=3)
2026-03-18 22:48:36,852 | INFO | [ModelB] Pool per sample: 7 candidates (beam=4, diverse=0, sample=3)
2026-03-18 22:48:45,473 | INFO | [ModelA] Pool per sample: 7 candidates (beam=4, diverse=0, sample=3)
2026-03-18 22:48:54,079 | INFO | [ModelB] Pool per sample: 7 candidates (beam=4, diverse=0, sample=3)
2026-03-18 22:49:04,052 | INFO | [ModelA] Pool per sample: 7 candidates (beam=4, diverse=0, sample=3)
2026-03-18 22:49:14,631 | INFO | [ModelB] Pool per sample: 7 candidates (beam=4, diverse=0, sample=3)
2026-03-18 22:49:27,459 | INFO | [ModelA] Pool per sample: 7 candidates (beam=4, diverse=0, sample=3)
2026-03-18 22:49:40,738 | INFO | [ModelB] Pool per sample: 7 candidates (beam=4, diverse=0, sample=3)
2026-03-18 22:59:16,378 | INFO | Loading test data: d:/03_Development/translate_akkadian/input/competitions/test_subset.csv
2026-03-18 22:59:16,386 | INFO | Test samples: 200
2026-03-18 22:59:16,389 | INFO | ============================================================
2026-03-18 22:59:16,389 | INFO | Ensemble ¡Á MBR  | Cross-model candidate pooling  v2
2026-03-18 22:59:16,389 | INFO |   Model A           : d:/03_Development/translate_akkadian/input/datasets/assiaben/byt5-akkadian-optimized-34x
2026-03-18 22:59:16,389 | INFO |   Model B           : d:/03_Development/translate_akkadian/input/models/mattiaangeli/byt5-akkadian-mbr-v2-pytorch-default-v1
2026-03-18 22:59:16,389 | INFO |   Standard beam     : 4 (num_beams=8)
2026-03-18 22:59:16,389 | INFO |   Diverse beam      : OFF cands=4, groups=4, penalty=0.8
2026-03-18 22:59:16,389 | INFO |   Multi-temp sample : ON temps=[0.6, 0.8, 1.05], 2/temp ¡ú 6 total
2026-03-18 22:59:16,391 | INFO |   Cands/model/sample: 10 ¡ú pool ¡Ö 20 (2 models, pre-dedup)
2026-03-18 22:59:16,391 | INFO |   MBR pool cap      : 32
2026-03-18 22:59:16,391 | INFO |   BF16 AMP          : True
2026-03-18 22:59:16,391 | INFO |   batch_size        : 1
2026-03-18 22:59:16,391 | INFO | ============================================================
2026-03-18 23:02:42,911 | INFO | Loading test data: d:/03_Development/translate_akkadian/input/competitions/test_subset.csv
2026-03-18 23:02:42,927 | INFO | Test samples: 200
2026-03-18 23:02:42,928 | INFO | ============================================================
2026-03-18 23:02:42,930 | INFO | Ensemble ¡Á MBR  | Cross-model candidate pooling  v2
2026-03-18 23:02:42,930 | INFO |   Model A           : d:/03_Development/translate_akkadian/input/datasets/assiaben/byt5-akkadian-optimized-34x
2026-03-18 23:02:42,930 | INFO |   Model B           : d:/03_Development/translate_akkadian/input/models/mattiaangeli/byt5-akkadian-mbr-v2-pytorch-default-v1
2026-03-18 23:02:42,930 | INFO |   Standard beam     : 4 (num_beams=8)
2026-03-18 23:02:42,930 | INFO |   Diverse beam      : OFF cands=4, groups=4, penalty=0.8
2026-03-18 23:02:42,930 | INFO |   Multi-temp sample : ON temps=[0.6, 0.8, 1.05], 2/temp ¡ú 6 total
2026-03-18 23:02:42,930 | INFO |   Cands/model/sample: 10 ¡ú pool ¡Ö 20 (2 models, pre-dedup)
2026-03-18 23:02:42,930 | INFO |   MBR pool cap      : 32
2026-03-18 23:02:42,930 | INFO |   BF16 AMP          : True
2026-03-18 23:02:42,930 | INFO |   batch_size        : 1
2026-03-18 23:02:42,930 | INFO | ============================================================
2026-03-18 23:02:42,956 | INFO | Dataset: 200 samples
2026-03-18 23:02:42,956 | INFO | Phase 1/2 ¡ª Model A inference
2026-03-18 23:02:42,957 | INFO | [Model-A] Loading from d:/03_Development/translate_akkadian/input/datasets/assiaben/byt5-akkadian-optimized-34x
2026-03-18 23:02:46,779 | INFO | [Model-A] 581,653,248 parameters
2026-03-18 23:02:46,781 | INFO | [Model-A] GPU mem used: 2.38 GB
2026-03-18 23:02:46,781 | WARNING | [Model-A] BetterTransformer skipped: No module named 'optimum'
2026-03-18 23:02:46,782 | INFO |   Bucket 0: 33 samples, len [7, 24]
2026-03-18 23:02:46,782 | INFO |   Bucket 1: 33 samples, len [25, 39]
2026-03-18 23:02:46,782 | INFO |   Bucket 2: 33 samples, len [39, 53]
2026-03-18 23:02:46,782 | INFO |   Bucket 3: 33 samples, len [54, 72]
2026-03-18 23:02:46,782 | INFO |   Bucket 4: 33 samples, len [72, 101]
2026-03-18 23:02:46,782 | INFO |   Bucket 5: 35 samples, len [102, 149]
2026-03-18 23:02:49,444 | INFO | [Model-A] Pool per sample: beam=4 + diverse=0 + sample=3x2=6 = 10 total
2026-03-18 23:02:51,751 | INFO | [Model-A] Pool per sample: beam=4 + diverse=0 + sample=3x2=6 = 10 total
2026-03-18 23:02:54,907 | INFO | [Model-A] Pool per sample: beam=4 + diverse=0 + sample=3x2=6 = 10 total
2026-03-18 23:02:58,294 | INFO | [Model-A] Pool per sample: beam=4 + diverse=0 + sample=3x2=6 = 10 total
2026-03-18 23:03:02,847 | INFO | [Model-A] Pool per sample: beam=4 + diverse=0 + sample=3x2=6 = 10 total
2026-03-18 23:03:06,218 | INFO | [Model-A] Pool per sample: beam=4 + diverse=0 + sample=3x2=6 = 10 total
2026-03-18 23:03:10,181 | INFO | [Model-A] Pool per sample: beam=4 + diverse=0 + sample=3x2=6 = 10 total
2026-03-18 23:03:14,430 | INFO | [Model-A] Pool per sample: beam=4 + diverse=0 + sample=3x2=6 = 10 total
2026-03-18 23:03:19,483 | INFO | [Model-A] Pool per sample: beam=4 + diverse=0 + sample=3x2=6 = 10 total
2026-03-18 23:03:24,077 | INFO | [Model-A] Pool per sample: beam=4 + diverse=0 + sample=3x2=6 = 10 total
2026-03-18 23:03:27,455 | INFO | [Model-A] Pool per sample: beam=4 + diverse=0 + sample=3x2=6 = 10 total
2026-03-18 23:03:31,623 | INFO | [Model-A] Pool per sample: beam=4 + diverse=0 + sample=3x2=6 = 10 total
2026-03-18 23:03:36,288 | INFO | [Model-A] Pool per sample: beam=4 + diverse=0 + sample=3x2=6 = 10 total
2026-03-18 23:03:42,138 | INFO | [Model-A] Pool per sample: beam=4 + diverse=0 + sample=3x2=6 = 10 total
2026-03-18 23:03:49,367 | INFO | [Model-A] Pool per sample: beam=4 + diverse=0 + sample=3x2=6 = 10 total
2026-03-18 23:03:54,708 | INFO | [Model-A] Pool per sample: beam=4 + diverse=0 + sample=3x2=6 = 10 total
2026-03-18 23:04:01,483 | INFO | [Model-A] Pool per sample: beam=4 + diverse=0 + sample=3x2=6 = 10 total
2026-03-18 23:04:10,126 | INFO | [Model-A] Pool per sample: beam=4 + diverse=0 + sample=3x2=6 = 10 total
2026-03-18 23:04:19,318 | INFO | [Model-A] Pool per sample: beam=4 + diverse=0 + sample=3x2=6 = 10 total
2026-03-18 23:04:26,780 | INFO | [Model-A] Pool per sample: beam=4 + diverse=0 + sample=3x2=6 = 10 total
2026-03-18 23:04:35,503 | INFO | [Model-A] Pool per sample: beam=4 + diverse=0 + sample=3x2=6 = 10 total
2026-03-18 23:04:41,960 | INFO | [Model-A] Pool per sample: beam=4 + diverse=0 + sample=3x2=6 = 10 total
2026-03-18 23:04:51,822 | INFO | [Model-A] Pool per sample: beam=4 + diverse=0 + sample=3x2=6 = 10 total
2026-03-18 23:05:02,955 | INFO | [Model-A] Pool per sample: beam=4 + diverse=0 + sample=3x2=6 = 10 total
2026-03-18 23:05:09,311 | INFO | [Model-A] Pool per sample: beam=4 + diverse=0 + sample=3x2=6 = 10 total
2026-03-18 23:05:18,125 | INFO | [Model-A] Pool per sample: beam=4 + diverse=0 + sample=3x2=6 = 10 total
2026-03-18 23:05:27,169 | INFO | [Model-A] Pool per sample: beam=4 + diverse=0 + sample=3x2=6 = 10 total
2026-03-18 23:05:36,146 | INFO | [Model-A] Pool per sample: beam=4 + diverse=0 + sample=3x2=6 = 10 total
2026-03-18 23:05:43,769 | INFO | [Model-A] Pool per sample: beam=4 + diverse=0 + sample=3x2=6 = 10 total
2026-03-18 23:05:53,553 | INFO | [Model-A] Pool per sample: beam=4 + diverse=0 + sample=3x2=6 = 10 total
2026-03-18 23:06:04,274 | INFO | [Model-A] Pool per sample: beam=4 + diverse=0 + sample=3x2=6 = 10 total
2026-03-18 23:06:16,481 | INFO | [Model-A] Pool per sample: beam=4 + diverse=0 + sample=3x2=6 = 10 total
2026-03-18 23:06:27,486 | INFO | [Model-A] Pool per sample: beam=4 + diverse=0 + sample=3x2=6 = 10 total
2026-03-18 23:06:37,707 | INFO | [Model-A] Pool per sample: beam=4 + diverse=0 + sample=3x2=6 = 10 total
2026-03-18 23:06:50,568 | INFO | [Model-A] Pool per sample: beam=4 + diverse=0 + sample=3x2=6 = 10 total
2026-03-18 23:07:02,820 | INFO | [Model-A] Pool per sample: beam=4 + diverse=0 + sample=3x2=6 = 10 total
2026-03-18 23:07:15,463 | INFO | [Model-A] Pool per sample: beam=4 + diverse=0 + sample=3x2=6 = 10 total
2026-03-18 23:07:27,754 | INFO | [Model-A] Pool per sample: beam=4 + diverse=0 + sample=3x2=6 = 10 total
2026-03-18 23:07:41,015 | INFO | [Model-A] Pool per sample: beam=4 + diverse=0 + sample=3x2=6 = 10 total
2026-03-18 23:07:55,270 | INFO | [Model-A] Pool per sample: beam=4 + diverse=0 + sample=3x2=6 = 10 total
2026-03-18 23:08:08,732 | INFO | [Model-A] Pool per sample: beam=4 + diverse=0 + sample=3x2=6 = 10 total
2026-03-18 23:08:20,873 | INFO | [Model-A] Pool per sample: beam=4 + diverse=0 + sample=3x2=6 = 10 total
2026-03-18 23:08:31,838 | INFO | [Model-A] Pool per sample: beam=4 + diverse=0 + sample=3x2=6 = 10 total
2026-03-18 23:08:45,801 | INFO | [Model-A] Pool per sample: beam=4 + diverse=0 + sample=3x2=6 = 10 total
2026-03-18 23:08:57,123 | INFO | [Model-A] Pool per sample: beam=4 + diverse=0 + sample=3x2=6 = 10 total
2026-03-18 23:09:13,871 | INFO | [Model-A] Pool per sample: beam=4 + diverse=0 + sample=3x2=6 = 10 total
2026-03-18 23:09:27,964 | INFO | [Model-A] Pool per sample: beam=4 + diverse=0 + sample=3x2=6 = 10 total
2026-03-18 23:09:49,524 | INFO | Loading test data: d:/03_Development/translate_akkadian/input/competitions/test_subset.csv
2026-03-18 23:09:49,531 | INFO | Test samples: 200
2026-03-18 23:09:49,532 | INFO | ============================================================
2026-03-18 23:09:49,532 | INFO | Ensemble ¡Á MBR  | Cross-model candidate pooling  v2
2026-03-18 23:09:49,532 | INFO |   Model A           : d:/03_Development/translate_akkadian/input/datasets/assiaben/byt5-akkadian-optimized-34x
2026-03-18 23:09:49,533 | INFO |   Model B           : d:/03_Development/translate_akkadian/input/models/mattiaangeli/byt5-akkadian-mbr-v2-pytorch-default-v1
2026-03-18 23:09:49,533 | INFO |   Standard beam     : 4 (num_beams=8)
2026-03-18 23:09:49,533 | INFO |   Diverse beam      : OFF cands=4, groups=4, penalty=0.8
2026-03-18 23:09:49,533 | INFO |   Multi-temp sample : ON temps=[0.6, 0.8, 1.05], 2/temp ¡ú 6 total
2026-03-18 23:09:49,534 | INFO |   Cands/model/sample: 10 ¡ú pool ¡Ö 20 (2 models, pre-dedup)
2026-03-18 23:09:49,534 | INFO |   MBR pool cap      : 32
2026-03-18 23:09:49,534 | INFO |   BF16 AMP          : True
2026-03-18 23:09:49,534 | INFO |   batch_size        : 2
2026-03-18 23:09:49,534 | INFO | ============================================================
2026-03-18 23:09:49,563 | INFO | Dataset: 200 samples
2026-03-18 23:09:49,563 | INFO | Phase 1/2 ¡ª Model A inference
2026-03-18 23:09:49,563 | INFO | [Model-A] Loading from d:/03_Development/translate_akkadian/input/datasets/assiaben/byt5-akkadian-optimized-34x
2026-03-18 23:09:52,379 | INFO | [Model-A] 581,653,248 parameters
2026-03-18 23:09:52,380 | INFO | [Model-A] GPU mem used: 2.38 GB
2026-03-18 23:09:52,380 | WARNING | [Model-A] BetterTransformer skipped: No module named 'optimum'
2026-03-18 23:09:52,382 | INFO |   Bucket 0: 33 samples, len [7, 24]
2026-03-18 23:09:52,382 | INFO |   Bucket 1: 33 samples, len [25, 39]
2026-03-18 23:09:52,382 | INFO |   Bucket 2: 33 samples, len [39, 53]
2026-03-18 23:09:52,382 | INFO |   Bucket 3: 33 samples, len [54, 72]
2026-03-18 23:09:52,382 | INFO |   Bucket 4: 33 samples, len [72, 101]
2026-03-18 23:09:52,382 | INFO |   Bucket 5: 35 samples, len [102, 149]
2026-03-18 23:10:47,507 | INFO | [Model-A] Pool per sample: beam=4 + diverse=0 + sample=3x2=6 = 10 total
2026-03-18 23:11:10,998 | INFO | [Model-A] Pool per sample: beam=4 + diverse=0 + sample=3x2=6 = 10 total
2026-03-18 23:11:34,627 | INFO | [Model-A] Pool per sample: beam=4 + diverse=0 + sample=3x2=6 = 10 total
2026-03-18 23:11:59,492 | INFO | [Model-A] Pool per sample: beam=4 + diverse=0 + sample=3x2=6 = 10 total
2026-03-18 23:12:17,282 | INFO | [Model-A] Pool per sample: beam=4 + diverse=0 + sample=3x2=6 = 10 total
2026-03-18 23:12:33,999 | INFO | [Model-A] Pool per sample: beam=4 + diverse=0 + sample=3x2=6 = 10 total
2026-03-18 23:12:50,612 | INFO | [Model-A] Pool per sample: beam=4 + diverse=0 + sample=3x2=6 = 10 total
2026-03-18 23:13:07,163 | INFO | [Model-A] Pool per sample: beam=4 + diverse=0 + sample=3x2=6 = 10 total
2026-03-18 23:13:23,681 | INFO | [Model-A] Pool per sample: beam=4 + diverse=0 + sample=3x2=6 = 10 total
2026-03-18 23:13:40,116 | INFO | [Model-A] Pool per sample: beam=4 + diverse=0 + sample=3x2=6 = 10 total
2026-03-18 23:13:56,838 | INFO | [Model-A] Pool per sample: beam=4 + diverse=0 + sample=3x2=6 = 10 total
2026-03-18 23:14:15,487 | INFO | [Model-A] Pool per sample: beam=4 + diverse=0 + sample=3x2=6 = 10 total
2026-03-18 23:14:35,170 | INFO | [Model-A] Pool per sample: beam=4 + diverse=0 + sample=3x2=6 = 10 total
2026-03-18 23:14:55,195 | INFO | [Model-A] Pool per sample: beam=4 + diverse=0 + sample=3x2=6 = 10 total
2026-03-18 23:15:14,887 | INFO | [Model-A] Pool per sample: beam=4 + diverse=0 + sample=3x2=6 = 10 total
2026-03-18 23:15:34,691 | INFO | [Model-A] Pool per sample: beam=4 + diverse=0 + sample=3x2=6 = 10 total
2026-03-18 23:15:53,487 | INFO | [Model-A] Pool per sample: beam=4 + diverse=0 + sample=3x2=6 = 10 total
2026-03-18 23:16:13,572 | INFO | [Model-A] Pool per sample: beam=4 + diverse=0 + sample=3x2=6 = 10 total
2026-03-18 23:16:33,402 | INFO | [Model-A] Pool per sample: beam=4 + diverse=0 + sample=3x2=6 = 10 total
2026-03-18 23:16:53,252 | INFO | [Model-A] Pool per sample: beam=4 + diverse=0 + sample=3x2=6 = 10 total
2026-03-18 23:17:12,823 | INFO | [Model-A] Pool per sample: beam=4 + diverse=0 + sample=3x2=6 = 10 total
2026-03-18 23:17:35,205 | INFO | [Model-A] Pool per sample: beam=4 + diverse=0 + sample=3x2=6 = 10 total
2026-03-18 23:17:56,552 | INFO | [Model-A] Pool per sample: beam=4 + diverse=0 + sample=3x2=6 = 10 total
2026-03-18 23:18:16,771 | INFO | [Model-A] Pool per sample: beam=4 + diverse=0 + sample=3x2=6 = 10 total
2026-03-18 23:18:36,507 | INFO | [Model-A] Pool per sample: beam=4 + diverse=0 + sample=3x2=6 = 10 total
2026-03-18 23:18:56,232 | INFO | [Model-A] Pool per sample: beam=4 + diverse=0 + sample=3x2=6 = 10 total
2026-03-18 23:19:15,984 | INFO | [Model-A] Pool per sample: beam=4 + diverse=0 + sample=3x2=6 = 10 total
2026-03-18 23:19:35,817 | INFO | [Model-A] Pool per sample: beam=4 + diverse=0 + sample=3x2=6 = 10 total
2026-03-18 23:19:55,465 | INFO | [Model-A] Pool per sample: beam=4 + diverse=0 + sample=3x2=6 = 10 total
2026-03-18 23:20:15,323 | INFO | [Model-A] Pool per sample: beam=4 + diverse=0 + sample=3x2=6 = 10 total
2026-03-18 23:20:34,977 | INFO | [Model-A] Pool per sample: beam=4 + diverse=0 + sample=3x2=6 = 10 total
2026-03-18 23:20:55,726 | INFO | [Model-A] Pool per sample: beam=4 + diverse=0 + sample=3x2=6 = 10 total
2026-03-18 23:21:15,685 | INFO | [Model-A] Pool per sample: beam=4 + diverse=0 + sample=3x2=6 = 10 total
2026-03-18 23:21:33,986 | INFO | [Model-A] Pool per sample: beam=4 + diverse=0 + sample=3x2=6 = 10 total
2026-03-18 23:21:53,736 | INFO | [Model-A] Pool per sample: beam=4 + diverse=0 + sample=3x2=6 = 10 total
2026-03-18 23:22:13,406 | INFO | [Model-A] Pool per sample: beam=4 + diverse=0 + sample=3x2=6 = 10 total
2026-03-18 23:22:34,204 | INFO | [Model-A] Pool per sample: beam=4 + diverse=0 + sample=3x2=6 = 10 total
2026-03-18 23:22:54,161 | INFO | [Model-A] Pool per sample: beam=4 + diverse=0 + sample=3x2=6 = 10 total
2026-03-18 23:23:13,401 | INFO | [Model-A] Pool per sample: beam=4 + diverse=0 + sample=3x2=6 = 10 total
2026-03-18 23:23:30,518 | INFO | [Model-A] Pool per sample: beam=4 + diverse=0 + sample=3x2=6 = 10 total
2026-03-18 23:23:47,764 | INFO | [Model-A] Pool per sample: beam=4 + diverse=0 + sample=3x2=6 = 10 total
2026-03-18 23:24:06,095 | INFO | [Model-A] Pool per sample: beam=4 + diverse=0 + sample=3x2=6 = 10 total
2026-03-18 23:24:26,033 | INFO | [Model-A] Pool per sample: beam=4 + diverse=0 + sample=3x2=6 = 10 total
2026-03-18 23:24:45,813 | INFO | [Model-A] Pool per sample: beam=4 + diverse=0 + sample=3x2=6 = 10 total
2026-03-18 23:25:05,761 | INFO | [Model-A] Pool per sample: beam=4 + diverse=0 + sample=3x2=6 = 10 total
2026-03-18 23:25:25,770 | INFO | [Model-A] Pool per sample: beam=4 + diverse=0 + sample=3x2=6 = 10 total
2026-03-18 23:25:45,757 | INFO | [Model-A] Pool per sample: beam=4 + diverse=0 + sample=3x2=6 = 10 total
2026-03-18 23:26:05,341 | INFO | [Model-A] Pool per sample: beam=4 + diverse=0 + sample=3x2=6 = 10 total
2026-03-18 23:26:25,761 | INFO | [Model-A] Pool per sample: beam=4 + diverse=0 + sample=3x2=6 = 10 total
2026-03-18 23:26:46,750 | INFO | [Model-A] Pool per sample: beam=4 + diverse=0 + sample=3x2=6 = 10 total
2026-03-18 23:27:05,766 | INFO | [Model-A] Pool per sample: beam=4 + diverse=0 + sample=3x2=6 = 10 total
2026-03-18 23:27:25,732 | INFO | [Model-A] Pool per sample: beam=4 + diverse=0 + sample=3x2=6 = 10 total
2026-03-18 23:27:45,727 | INFO | [Model-A] Pool per sample: beam=4 + diverse=0 + sample=3x2=6 = 10 total
2026-03-18 23:28:06,770 | INFO | [Model-A] Pool per sample: beam=4 + diverse=0 + sample=3x2=6 = 10 total
2026-03-18 23:28:29,078 | INFO | [Model-A] Pool per sample: beam=4 + diverse=0 + sample=3x2=6 = 10 total
2026-03-18 23:28:49,427 | INFO | [Model-A] Pool per sample: beam=4 + diverse=0 + sample=3x2=6 = 10 total
2026-03-18 23:29:10,122 | INFO | [Model-A] Pool per sample: beam=4 + diverse=0 + sample=3x2=6 = 10 total
2026-03-18 23:29:27,005 | INFO | [Model-A] Pool per sample: beam=4 + diverse=0 + sample=3x2=6 = 10 total
2026-03-18 23:29:44,005 | INFO | [Model-A] Pool per sample: beam=4 + diverse=0 + sample=3x2=6 = 10 total
2026-03-18 23:30:00,442 | INFO | [Model-A] Pool per sample: beam=4 + diverse=0 + sample=3x2=6 = 10 total
2026-03-18 23:31:06,093 | INFO | Loading test data: d:/03_Development/translate_akkadian/input/competitions/test_subset.csv
2026-03-18 23:31:06,100 | INFO | Test samples: 200
2026-03-18 23:31:06,102 | INFO | ============================================================
2026-03-18 23:31:06,102 | INFO | Ensemble ¡Á MBR  | Cross-model candidate pooling  v2
2026-03-18 23:31:06,102 | INFO |   Model A           : d:/03_Development/translate_akkadian/input/datasets/assiaben/byt5-akkadian-optimized-34x
2026-03-18 23:31:06,102 | INFO |   Model B           : d:/03_Development/translate_akkadian/input/models/mattiaangeli/byt5-akkadian-mbr-v2-pytorch-default-v1
2026-03-18 23:31:06,102 | INFO |   Standard beam     : 4 (num_beams=8)
2026-03-18 23:31:06,102 | INFO |   Diverse beam      : OFF cands=4, groups=4, penalty=0.8
2026-03-18 23:31:06,102 | INFO |   Multi-temp sample : ON temps=[0.6, 0.8, 1.05], 2/temp ¡ú 6 total
2026-03-18 23:31:06,102 | INFO |   Cands/model/sample: 10 ¡ú pool ¡Ö 20 (2 models, pre-dedup)
2026-03-18 23:31:06,102 | INFO |   MBR pool cap      : 32
2026-03-18 23:31:06,102 | INFO |   BF16 AMP          : True
2026-03-18 23:31:06,102 | INFO |   batch_size        : 1
2026-03-18 23:31:06,102 | INFO | ============================================================
2026-03-18 23:31:06,130 | INFO | Dataset: 200 samples
2026-03-18 23:31:06,130 | INFO | Phase 1/2 ¡ª Model A inference
2026-03-18 23:31:06,130 | INFO | [Model-A] Loading from d:/03_Development/translate_akkadian/input/datasets/assiaben/byt5-akkadian-optimized-34x
2026-03-18 23:31:10,385 | INFO | [Model-A] 581,653,248 parameters
2026-03-18 23:31:10,386 | INFO | [Model-A] GPU mem used: 2.38 GB
2026-03-18 23:31:10,386 | WARNING | [Model-A] BetterTransformer skipped: No module named 'optimum'
2026-03-18 23:31:10,388 | INFO |   Bucket 0: 33 samples, len [7, 24]
2026-03-18 23:31:10,388 | INFO |   Bucket 1: 33 samples, len [25, 39]
2026-03-18 23:31:10,388 | INFO |   Bucket 2: 33 samples, len [39, 53]
2026-03-18 23:31:10,388 | INFO |   Bucket 3: 33 samples, len [54, 72]
2026-03-18 23:31:10,388 | INFO |   Bucket 4: 33 samples, len [72, 101]
2026-03-18 23:31:10,388 | INFO |   Bucket 5: 35 samples, len [102, 149]
2026-03-18 23:31:13,317 | INFO | [Model-A] Pool per sample: beam=4 + diverse=0 + sample=3x2=6 = 10 total
2026-03-18 23:31:15,585 | INFO | [Model-A] Pool per sample: beam=4 + diverse=0 + sample=3x2=6 = 10 total
2026-03-18 23:31:18,382 | INFO | [Model-A] Pool per sample: beam=4 + diverse=0 + sample=3x2=6 = 10 total
2026-03-18 23:31:21,778 | INFO | [Model-A] Pool per sample: beam=4 + diverse=0 + sample=3x2=6 = 10 total
2026-03-18 23:31:26,079 | INFO | [Model-A] Pool per sample: beam=4 + diverse=0 + sample=3x2=6 = 10 total
2026-03-18 23:31:29,289 | INFO | [Model-A] Pool per sample: beam=4 + diverse=0 + sample=3x2=6 = 10 total
2026-03-18 23:31:32,648 | INFO | [Model-A] Pool per sample: beam=4 + diverse=0 + sample=3x2=6 = 10 total
2026-03-18 23:31:36,846 | INFO | [Model-A] Pool per sample: beam=4 + diverse=0 + sample=3x2=6 = 10 total
2026-03-18 23:31:42,187 | INFO | [Model-A] Pool per sample: beam=4 + diverse=0 + sample=3x2=6 = 10 total
2026-03-18 23:31:46,946 | INFO | [Model-A] Pool per sample: beam=4 + diverse=0 + sample=3x2=6 = 10 total
2026-03-18 23:31:51,149 | INFO | [Model-A] Pool per sample: beam=4 + diverse=0 + sample=3x2=6 = 10 total
2026-03-18 23:31:55,024 | INFO | [Model-A] Pool per sample: beam=4 + diverse=0 + sample=3x2=6 = 10 total
2026-03-18 23:32:00,197 | INFO | [Model-A] Pool per sample: beam=4 + diverse=0 + sample=3x2=6 = 10 total
2026-03-18 23:32:05,752 | INFO | [Model-A] Pool per sample: beam=4 + diverse=0 + sample=3x2=6 = 10 total
2026-03-18 23:32:12,459 | INFO | [Model-A] Pool per sample: beam=4 + diverse=0 + sample=3x2=6 = 10 total
2026-03-18 23:32:17,394 | INFO | [Model-A] Pool per sample: beam=4 + diverse=0 + sample=3x2=6 = 10 total
2026-03-18 23:32:23,381 | INFO | [Model-A] Pool per sample: beam=4 + diverse=0 + sample=3x2=6 = 10 total
2026-03-18 23:32:31,481 | INFO | [Model-A] Pool per sample: beam=4 + diverse=0 + sample=3x2=6 = 10 total
2026-03-18 23:32:39,217 | INFO | [Model-A] Pool per sample: beam=4 + diverse=0 + sample=3x2=6 = 10 total
2026-03-18 23:32:47,521 | INFO | [Model-A] Pool per sample: beam=4 + diverse=0 + sample=3x2=6 = 10 total
2026-03-18 23:32:55,852 | INFO | [Model-A] Pool per sample: beam=4 + diverse=0 + sample=3x2=6 = 10 total
2026-03-18 23:33:01,004 | INFO | [Model-A] Pool per sample: beam=4 + diverse=0 + sample=3x2=6 = 10 total
2026-03-18 23:33:09,952 | INFO | [Model-A] Pool per sample: beam=4 + diverse=0 + sample=3x2=6 = 10 total
2026-03-18 23:33:20,749 | INFO | [Model-A] Pool per sample: beam=4 + diverse=0 + sample=3x2=6 = 10 total
2026-03-18 23:33:26,361 | INFO | [Model-A] Pool per sample: beam=4 + diverse=0 + sample=3x2=6 = 10 total
2026-03-18 23:33:34,767 | INFO | [Model-A] Pool per sample: beam=4 + diverse=0 + sample=3x2=6 = 10 total
2026-03-18 23:33:43,914 | INFO | [Model-A] Pool per sample: beam=4 + diverse=0 + sample=3x2=6 = 10 total
2026-03-18 23:33:52,468 | INFO | [Model-A] Pool per sample: beam=4 + diverse=0 + sample=3x2=6 = 10 total
2026-03-18 23:33:59,568 | INFO | [Model-A] Pool per sample: beam=4 + diverse=0 + sample=3x2=6 = 10 total
2026-03-18 23:34:06,917 | INFO | [Model-A] Pool per sample: beam=4 + diverse=0 + sample=3x2=6 = 10 total
2026-03-18 23:34:16,559 | INFO | [Model-A] Pool per sample: beam=4 + diverse=0 + sample=3x2=6 = 10 total
2026-03-18 23:34:27,991 | INFO | [Model-A] Pool per sample: beam=4 + diverse=0 + sample=3x2=6 = 10 total
2026-03-18 23:34:37,618 | INFO | [Model-A] Pool per sample: beam=4 + diverse=0 + sample=3x2=6 = 10 total
2026-03-18 23:34:46,799 | INFO | [Model-A] Pool per sample: beam=4 + diverse=0 + sample=3x2=6 = 10 total
2026-03-18 23:34:59,514 | INFO | [Model-A] Pool per sample: beam=4 + diverse=0 + sample=3x2=6 = 10 total
2026-03-18 23:35:10,608 | INFO | [Model-A] Pool per sample: beam=4 + diverse=0 + sample=3x2=6 = 10 total
2026-03-18 23:35:20,174 | INFO | [Model-A] Pool per sample: beam=4 + diverse=0 + sample=3x2=6 = 10 total
2026-03-18 23:35:31,843 | INFO | [Model-A] Pool per sample: beam=4 + diverse=0 + sample=3x2=6 = 10 total
2026-03-18 23:35:43,021 | INFO | [Model-A] Pool per sample: beam=4 + diverse=0 + sample=3x2=6 = 10 total
2026-03-18 23:35:53,939 | INFO | [Model-A] Pool per sample: beam=4 + diverse=0 + sample=3x2=6 = 10 total
2026-03-18 23:36:05,535 | INFO | [Model-A] Pool per sample: beam=4 + diverse=0 + sample=3x2=6 = 10 total
2026-03-18 23:36:16,834 | INFO | [Model-A] Pool per sample: beam=4 + diverse=0 + sample=3x2=6 = 10 total
2026-03-18 23:36:28,314 | INFO | [Model-A] Pool per sample: beam=4 + diverse=0 + sample=3x2=6 = 10 total
2026-03-18 23:36:42,639 | INFO | [Model-A] Pool per sample: beam=4 + diverse=0 + sample=3x2=6 = 10 total
2026-03-18 23:36:54,328 | INFO | [Model-A] Pool per sample: beam=4 + diverse=0 + sample=3x2=6 = 10 total
2026-03-18 23:37:12,918 | INFO | [Model-A] Pool per sample: beam=4 + diverse=0 + sample=3x2=6 = 10 total
2026-03-18 23:37:31,653 | INFO | [Model-A] Pool per sample: beam=4 + diverse=0 + sample=3x2=6 = 10 total
2026-03-18 23:37:47,541 | INFO | [Model-A] Pool per sample: beam=4 + diverse=0 + sample=3x2=6 = 10 total
2026-03-18 23:38:01,902 | INFO | [Model-A] Pool per sample: beam=4 + diverse=0 + sample=3x2=6 = 10 total
2026-03-18 23:38:19,201 | INFO | [Model-A] Pool per sample: beam=4 + diverse=0 + sample=3x2=6 = 10 total
2026-03-18 23:38:36,998 | INFO | [Model-A] Pool per sample: beam=4 + diverse=0 + sample=3x2=6 = 10 total
2026-03-18 23:38:55,078 | INFO | [Model-A] Pool per sample: beam=4 + diverse=0 + sample=3x2=6 = 10 total
2026-03-18 23:39:11,267 | INFO | [Model-A] Pool per sample: beam=4 + diverse=0 + sample=3x2=6 = 10 total
2026-03-18 23:39:22,253 | INFO | [Model-A] Pool per sample: beam=4 + diverse=0 + sample=3x2=6 = 10 total
2026-03-18 23:39:38,822 | INFO | [Model-A] Pool per sample: beam=4 + diverse=0 + sample=3x2=6 = 10 total
2026-03-18 23:39:52,406 | INFO | [Model-A] Pool per sample: beam=4 + diverse=0 + sample=3x2=6 = 10 total
2026-03-18 23:40:11,383 | INFO | [Model-A] Pool per sample: beam=4 + diverse=0 + sample=3x2=6 = 10 total
2026-03-18 23:40:26,255 | INFO | [Model-A] Pool per sample: beam=4 + diverse=0 + sample=3x2=6 = 10 total
2026-03-18 23:40:43,469 | INFO | [Model-A] Pool per sample: beam=4 + diverse=0 + sample=3x2=6 = 10 total
2026-03-18 23:40:57,480 | INFO | [Model-A] Pool per sample: beam=4 + diverse=0 + sample=3x2=6 = 10 total
2026-03-18 23:41:10,393 | INFO | [Model-A] Pool per sample: beam=4 + diverse=0 + sample=3x2=6 = 10 total
2026-03-18 23:41:30,501 | INFO | [Model-A] Pool per sample: beam=4 + diverse=0 + sample=3x2=6 = 10 total
2026-03-18 23:41:47,585 | INFO | [Model-A] Pool per sample: beam=4 + diverse=0 + sample=3x2=6 = 10 total
2026-03-18 23:42:01,781 | INFO | [Model-A] Pool per sample: beam=4 + diverse=0 + sample=3x2=6 = 10 total
2026-03-18 23:42:20,783 | INFO | [Model-A] Pool per sample: beam=4 + diverse=0 + sample=3x2=6 = 10 total
2026-03-18 23:42:39,173 | INFO | [Model-A] Pool per sample: beam=4 + diverse=0 + sample=3x2=6 = 10 total
2026-03-18 23:42:54,193 | INFO | [Model-A] Pool per sample: beam=4 + diverse=0 + sample=3x2=6 = 10 total
2026-03-18 23:43:11,620 | INFO | [Model-A] Pool per sample: beam=4 + diverse=0 + sample=3x2=6 = 10 total
2026-03-18 23:43:31,359 | INFO | [Model-A] Pool per sample: beam=4 + diverse=0 + sample=3x2=6 = 10 total
2026-03-18 23:43:51,502 | INFO | [Model-A] Pool per sample: beam=4 + diverse=0 + sample=3x2=6 = 10 total
2026-03-18 23:44:10,144 | INFO | [Model-A] Pool per sample: beam=4 + diverse=0 + sample=3x2=6 = 10 total
2026-03-18 23:44:29,533 | INFO | [Model-A] Pool per sample: beam=4 + diverse=0 + sample=3x2=6 = 10 total
2026-03-18 23:44:46,129 | INFO | [Model-A] Pool per sample: beam=4 + diverse=0 + sample=3x2=6 = 10 total
2026-03-18 23:45:05,244 | INFO | [Model-A] Pool per sample: beam=4 + diverse=0 + sample=3x2=6 = 10 total
2026-03-18 23:45:26,415 | INFO | [Model-A] Pool per sample: beam=4 + diverse=0 + sample=3x2=6 = 10 total
2026-03-18 23:45:46,672 | INFO | [Model-A] Pool per sample: beam=4 + diverse=0 + sample=3x2=6 = 10 total
2026-03-18 23:46:08,252 | INFO | [Model-A] Pool per sample: beam=4 + diverse=0 + sample=3x2=6 = 10 total
2026-03-18 23:46:25,865 | INFO | [Model-A] Pool per sample: beam=4 + diverse=0 + sample=3x2=6 = 10 total
2026-03-18 23:46:46,702 | INFO | [Model-A] Pool per sample: beam=4 + diverse=0 + sample=3x2=6 = 10 total
2026-03-18 23:47:10,180 | INFO | [Model-A] Pool per sample: beam=4 + diverse=0 + sample=3x2=6 = 10 total
2026-03-18 23:47:33,657 | INFO | [Model-A] Pool per sample: beam=4 + diverse=0 + sample=3x2=6 = 10 total
2026-03-18 23:47:56,726 | INFO | [Model-A] Pool per sample: beam=4 + diverse=0 + sample=3x2=6 = 10 total
2026-03-18 23:48:20,607 | INFO | [Model-A] Pool per sample: beam=4 + diverse=0 + sample=3x2=6 = 10 total
2026-03-18 23:48:38,310 | INFO | [Model-A] Pool per sample: beam=4 + diverse=0 + sample=3x2=6 = 10 total
2026-03-18 23:48:58,414 | INFO | [Model-A] Pool per sample: beam=4 + diverse=0 + sample=3x2=6 = 10 total
2026-03-18 23:49:21,359 | INFO | [Model-A] Pool per sample: beam=4 + diverse=0 + sample=3x2=6 = 10 total
2026-03-18 23:49:43,693 | INFO | [Model-A] Pool per sample: beam=4 + diverse=0 + sample=3x2=6 = 10 total
2026-03-18 23:50:06,161 | INFO | [Model-A] Pool per sample: beam=4 + diverse=0 + sample=3x2=6 = 10 total
2026-03-18 23:50:30,528 | INFO | [Model-A] Pool per sample: beam=4 + diverse=0 + sample=3x2=6 = 10 total
2026-03-18 23:50:55,920 | INFO | [Model-A] Pool per sample: beam=4 + diverse=0 + sample=3x2=6 = 10 total
2026-03-18 23:51:17,784 | INFO | [Model-A] Pool per sample: beam=4 + diverse=0 + sample=3x2=6 = 10 total
2026-03-18 23:51:41,943 | INFO | [Model-A] Pool per sample: beam=4 + diverse=0 + sample=3x2=6 = 10 total
2026-03-18 23:52:04,119 | INFO | [Model-A] Pool per sample: beam=4 + diverse=0 + sample=3x2=6 = 10 total
2026-03-18 23:52:29,407 | INFO | [Model-A] Pool per sample: beam=4 + diverse=0 + sample=3x2=6 = 10 total
2026-03-18 23:52:52,723 | INFO | [Model-A] Pool per sample: beam=4 + diverse=0 + sample=3x2=6 = 10 total
2026-03-18 23:53:16,077 | INFO | [Model-A] Pool per sample: beam=4 + diverse=0 + sample=3x2=6 = 10 total
2026-03-18 23:53:41,445 | INFO | [Model-A] Pool per sample: beam=4 + diverse=0 + sample=3x2=6 = 10 total
2026-03-18 23:54:03,959 | INFO | [Model-A] Pool per sample: beam=4 + diverse=0 + sample=3x2=6 = 10 total
2026-03-18 23:54:28,505 | INFO | [Model-A] Pool per sample: beam=4 + diverse=0 + sample=3x2=6 = 10 total
2026-03-18 23:54:51,607 | INFO | [Model-A] Pool per sample: beam=4 + diverse=0 + sample=3x2=6 = 10 total
2026-03-18 23:55:17,545 | INFO | [Model-A] Pool per sample: beam=4 + diverse=0 + sample=3x2=6 = 10 total
2026-03-18 23:55:40,182 | INFO | [Model-A] Pool per sample: beam=4 + diverse=0 + sample=3x2=6 = 10 total
2026-03-18 23:56:05,086 | INFO | [Model-A] Pool per sample: beam=4 + diverse=0 + sample=3x2=6 = 10 total
2026-03-18 23:56:29,441 | INFO | [Model-A] Pool per sample: beam=4 + diverse=0 + sample=3x2=6 = 10 total
2026-03-18 23:56:54,787 | INFO | [Model-A] Pool per sample: beam=4 + diverse=0 + sample=3x2=6 = 10 total
2026-03-18 23:57:20,494 | INFO | [Model-A] Pool per sample: beam=4 + diverse=0 + sample=3x2=6 = 10 total
2026-03-18 23:57:44,958 | INFO | [Model-A] Pool per sample: beam=4 + diverse=0 + sample=3x2=6 = 10 total
2026-03-18 23:58:09,671 | INFO | [Model-A] Pool per sample: beam=4 + diverse=0 + sample=3x2=6 = 10 total
2026-03-18 23:58:32,723 | INFO | [Model-A] Pool per sample: beam=4 + diverse=0 + sample=3x2=6 = 10 total
2026-03-18 23:58:55,649 | INFO | [Model-A] Pool per sample: beam=4 + diverse=0 + sample=3x2=6 = 10 total
2026-03-18 23:59:20,718 | INFO | [Model-A] Pool per sample: beam=4 + diverse=0 + sample=3x2=6 = 10 total
2026-03-18 23:59:46,205 | INFO | [Model-A] Pool per sample: beam=4 + diverse=0 + sample=3x2=6 = 10 total
2026-03-19 00:00:09,922 | INFO | [Model-A] Pool per sample: beam=4 + diverse=0 + sample=3x2=6 = 10 total
2026-03-19 00:00:31,901 | INFO | [Model-A] Pool per sample: beam=4 + diverse=0 + sample=3x2=6 = 10 total
2026-03-19 00:00:54,815 | INFO | [Model-A] Pool per sample: beam=4 + diverse=0 + sample=3x2=6 = 10 total
2026-03-19 00:01:17,839 | INFO | [Model-A] Pool per sample: beam=4 + diverse=0 + sample=3x2=6 = 10 total
2026-03-19 00:01:40,527 | INFO | [Model-A] Pool per sample: beam=4 + diverse=0 + sample=3x2=6 = 10 total
2026-03-19 00:02:03,398 | INFO | [Model-A] Pool per sample: beam=4 + diverse=0 + sample=3x2=6 = 10 total
2026-03-19 00:02:26,114 | INFO | [Model-A] Pool per sample: beam=4 + diverse=0 + sample=3x2=6 = 10 total
2026-03-19 00:02:47,908 | INFO | [Model-A] Pool per sample: beam=4 + diverse=0 + sample=3x2=6 = 10 total
2026-03-19 00:03:10,757 | INFO | [Model-A] Pool per sample: beam=4 + diverse=0 + sample=3x2=6 = 10 total
2026-03-19 00:03:32,805 | INFO | [Model-A] Pool per sample: beam=4 + diverse=0 + sample=3x2=6 = 10 total
2026-03-19 00:03:55,780 | INFO | [Model-A] Pool per sample: beam=4 + diverse=0 + sample=3x2=6 = 10 total
2026-03-19 00:04:18,394 | INFO | [Model-A] Pool per sample: beam=4 + diverse=0 + sample=3x2=6 = 10 total
2026-03-19 00:04:39,710 | INFO | [Model-A] Pool per sample: beam=4 + diverse=0 + sample=3x2=6 = 10 total
2026-03-19 00:05:02,708 | INFO | [Model-A] Pool per sample: beam=4 + diverse=0 + sample=3x2=6 = 10 total
2026-03-19 00:05:25,520 | INFO | [Model-A] Pool per sample: beam=4 + diverse=0 + sample=3x2=6 = 10 total
2026-03-19 00:05:47,364 | INFO | [Model-A] Pool per sample: beam=4 + diverse=0 + sample=3x2=6 = 10 total
2026-03-19 00:06:10,282 | INFO | [Model-A] Pool per sample: beam=4 + diverse=0 + sample=3x2=6 = 10 total
2026-03-19 00:06:32,521 | INFO | [Model-A] Pool per sample: beam=4 + diverse=0 + sample=3x2=6 = 10 total
2026-03-19 00:06:51,735 | INFO | [Model-A] Pool per sample: beam=4 + diverse=0 + sample=3x2=6 = 10 total
2026-03-19 00:07:14,823 | INFO | [Model-A] Pool per sample: beam=4 + diverse=0 + sample=3x2=6 = 10 total
2026-03-19 00:07:37,373 | INFO | [Model-A] Pool per sample: beam=4 + diverse=0 + sample=3x2=6 = 10 total
2026-03-19 00:07:59,442 | INFO | [Model-A] Pool per sample: beam=4 + diverse=0 + sample=3x2=6 = 10 total
2026-03-19 00:08:22,147 | INFO | [Model-A] Pool per sample: beam=4 + diverse=0 + sample=3x2=6 = 10 total
2026-03-19 00:08:44,970 | INFO | [Model-A] Pool per sample: beam=4 + diverse=0 + sample=3x2=6 = 10 total
2026-03-19 00:09:07,232 | INFO | [Model-A] Pool per sample: beam=4 + diverse=0 + sample=3x2=6 = 10 total
2026-03-19 00:09:29,910 | INFO | [Model-A] Pool per sample: beam=4 + diverse=0 + sample=3x2=6 = 10 total
2026-03-19 00:09:50,071 | INFO | [Model-A] Pool per sample: beam=4 + diverse=0 + sample=3x2=6 = 10 total
2026-03-19 00:10:12,717 | INFO | [Model-A] Pool per sample: beam=4 + diverse=0 + sample=3x2=6 = 10 total
2026-03-19 00:10:35,216 | INFO | [Model-A] Pool per sample: beam=4 + diverse=0 + sample=3x2=6 = 10 total
2026-03-19 00:10:58,154 | INFO | [Model-A] Pool per sample: beam=4 + diverse=0 + sample=3x2=6 = 10 total
2026-03-19 00:11:20,998 | INFO | [Model-A] Pool per sample: beam=4 + diverse=0 + sample=3x2=6 = 10 total
2026-03-19 00:11:43,442 | INFO | [Model-A] Pool per sample: beam=4 + diverse=0 + sample=3x2=6 = 10 total
2026-03-19 00:12:06,551 | INFO | [Model-A] Pool per sample: beam=4 + diverse=0 + sample=3x2=6 = 10 total
2026-03-19 00:12:29,232 | INFO | [Model-A] Pool per sample: beam=4 + diverse=0 + sample=3x2=6 = 10 total
2026-03-19 00:12:52,055 | INFO | [Model-A] Pool per sample: beam=4 + diverse=0 + sample=3x2=6 = 10 total
2026-03-19 00:13:14,942 | INFO | [Model-A] Pool per sample: beam=4 + diverse=0 + sample=3x2=6 = 10 total
2026-03-19 00:13:37,813 | INFO | [Model-A] Pool per sample: beam=4 + diverse=0 + sample=3x2=6 = 10 total
2026-03-19 00:14:00,727 | INFO | [Model-A] Pool per sample: beam=4 + diverse=0 + sample=3x2=6 = 10 total
2026-03-19 00:14:20,394 | INFO | [Model-A] Pool per sample: beam=4 + diverse=0 + sample=3x2=6 = 10 total
2026-03-19 00:14:43,031 | INFO | [Model-A] Pool per sample: beam=4 + diverse=0 + sample=3x2=6 = 10 total
2026-03-19 00:15:05,959 | INFO | [Model-A] Pool per sample: beam=4 + diverse=0 + sample=3x2=6 = 10 total
2026-03-19 00:15:28,732 | INFO | [Model-A] Pool per sample: beam=4 + diverse=0 + sample=3x2=6 = 10 total
2026-03-19 00:15:52,187 | INFO | [Model-A] Pool per sample: beam=4 + diverse=0 + sample=3x2=6 = 10 total
2026-03-19 00:16:12,558 | INFO | [Model-A] Pool per sample: beam=4 + diverse=0 + sample=3x2=6 = 10 total
2026-03-19 00:16:35,693 | INFO | [Model-A] Pool per sample: beam=4 + diverse=0 + sample=3x2=6 = 10 total
2026-03-19 00:16:58,708 | INFO | [Model-A] Pool per sample: beam=4 + diverse=0 + sample=3x2=6 = 10 total
2026-03-19 00:17:20,921 | INFO | [Model-A] Pool per sample: beam=4 + diverse=0 + sample=3x2=6 = 10 total
2026-03-19 00:17:43,801 | INFO | [Model-A] Pool per sample: beam=4 + diverse=0 + sample=3x2=6 = 10 total
2026-03-19 00:18:06,631 | INFO | [Model-A] Pool per sample: beam=4 + diverse=0 + sample=3x2=6 = 10 total
2026-03-19 00:18:29,552 | INFO | [Model-A] Pool per sample: beam=4 + diverse=0 + sample=3x2=6 = 10 total
2026-03-19 00:18:50,480 | INFO | [Model-A] Pool per sample: beam=4 + diverse=0 + sample=3x2=6 = 10 total
2026-03-19 00:19:11,727 | INFO | [Model-A] Pool per sample: beam=4 + diverse=0 + sample=3x2=6 = 10 total
2026-03-19 00:19:34,405 | INFO | [Model-A] Pool per sample: beam=4 + diverse=0 + sample=3x2=6 = 10 total
2026-03-19 00:19:56,148 | INFO | [Model-A] Pool per sample: beam=4 + diverse=0 + sample=3x2=6 = 10 total
2026-03-19 00:20:18,976 | INFO | [Model-A] Pool per sample: beam=4 + diverse=0 + sample=3x2=6 = 10 total
2026-03-19 00:20:41,696 | INFO | [Model-A] Pool per sample: beam=4 + diverse=0 + sample=3x2=6 = 10 total
2026-03-19 00:21:03,980 | INFO | [Model-A] Pool per sample: beam=4 + diverse=0 + sample=3x2=6 = 10 total
2026-03-19 00:21:26,805 | INFO | [Model-A] Pool per sample: beam=4 + diverse=0 + sample=3x2=6 = 10 total
2026-03-19 00:21:49,410 | INFO | [Model-A] Pool per sample: beam=4 + diverse=0 + sample=3x2=6 = 10 total
2026-03-19 00:22:12,089 | INFO | [Model-A] Pool per sample: beam=4 + diverse=0 + sample=3x2=6 = 10 total
2026-03-19 00:22:34,432 | INFO | [Model-A] Pool per sample: beam=4 + diverse=0 + sample=3x2=6 = 10 total
2026-03-19 00:22:57,225 | INFO | [Model-A] Pool per sample: beam=4 + diverse=0 + sample=3x2=6 = 10 total
2026-03-19 00:23:20,249 | INFO | [Model-A] Pool per sample: beam=4 + diverse=0 + sample=3x2=6 = 10 total
2026-03-19 00:23:43,070 | INFO | [Model-A] Pool per sample: beam=4 + diverse=0 + sample=3x2=6 = 10 total
2026-03-19 00:24:06,140 | INFO | [Model-A] Pool per sample: beam=4 + diverse=0 + sample=3x2=6 = 10 total
2026-03-19 00:24:29,039 | INFO | [Model-A] Pool per sample: beam=4 + diverse=0 + sample=3x2=6 = 10 total
2026-03-19 00:24:50,784 | INFO | [Model-A] Pool per sample: beam=4 + diverse=0 + sample=3x2=6 = 10 total
2026-03-19 00:25:13,968 | INFO | [Model-A] Pool per sample: beam=4 + diverse=0 + sample=3x2=6 = 10 total
2026-03-19 00:25:36,674 | INFO | [Model-A] Pool per sample: beam=4 + diverse=0 + sample=3x2=6 = 10 total
2026-03-19 00:25:59,729 | INFO | [Model-A] Pool per sample: beam=4 + diverse=0 + sample=3x2=6 = 10 total
2026-03-19 00:26:22,867 | INFO | [Model-A] Pool per sample: beam=4 + diverse=0 + sample=3x2=6 = 10 total
2026-03-19 00:26:45,427 | INFO | [Model-A] Pool per sample: beam=4 + diverse=0 + sample=3x2=6 = 10 total
2026-03-19 00:27:08,475 | INFO | [Model-A] Pool per sample: beam=4 + diverse=0 + sample=3x2=6 = 10 total
2026-03-19 00:27:31,433 | INFO | [Model-A] Pool per sample: beam=4 + diverse=0 + sample=3x2=6 = 10 total
2026-03-19 00:27:54,487 | INFO | [Model-A] Pool per sample: beam=4 + diverse=0 + sample=3x2=6 = 10 total
2026-03-19 00:28:17,443 | INFO | [Model-A] Pool per sample: beam=4 + diverse=0 + sample=3x2=6 = 10 total
2026-03-19 00:28:40,147 | INFO | [Model-A] Pool per sample: beam=4 + diverse=0 + sample=3x2=6 = 10 total
2026-03-19 00:29:03,194 | INFO | [Model-A] Pool per sample: beam=4 + diverse=0 + sample=3x2=6 = 10 total
2026-03-19 00:29:26,078 | INFO | [Model-A] Pool per sample: beam=4 + diverse=0 + sample=3x2=6 = 10 total
2026-03-19 00:29:47,889 | INFO | [Model-A] Pool per sample: beam=4 + diverse=0 + sample=3x2=6 = 10 total
2026-03-19 00:30:10,828 | INFO | [Model-A] Pool per sample: beam=4 + diverse=0 + sample=3x2=6 = 10 total
2026-03-19 00:30:33,947 | INFO | [Model-A] Pool per sample: beam=4 + diverse=0 + sample=3x2=6 = 10 total
2026-03-19 00:30:56,596 | INFO | [Model-A] Pool per sample: beam=4 + diverse=0 + sample=3x2=6 = 10 total
2026-03-19 00:31:18,757 | INFO | [Model-A] Pool per sample: beam=4 + diverse=0 + sample=3x2=6 = 10 total
2026-03-19 00:31:41,497 | INFO | [Model-A] Pool per sample: beam=4 + diverse=0 + sample=3x2=6 = 10 total
2026-03-19 00:32:04,485 | INFO | [Model-A] Pool per sample: beam=4 + diverse=0 + sample=3x2=6 = 10 total
2026-03-19 00:32:27,434 | INFO | [Model-A] Pool per sample: beam=4 + diverse=0 + sample=3x2=6 = 10 total
2026-03-19 00:32:50,330 | INFO | [Model-A] Pool per sample: beam=4 + diverse=0 + sample=3x2=6 = 10 total
2026-03-19 00:32:50,517 | INFO | [Model-A] Unloaded. GPU free: 8.58 GB
2026-03-19 00:32:50,517 | INFO | Phase 2/2 ¡ª Model B inference
2026-03-19 00:32:50,517 | INFO | [Model-B] Loading from d:/03_Development/translate_akkadian/input/models/mattiaangeli/byt5-akkadian-mbr-v2-pytorch-default-v1
2026-03-19 00:32:53,656 | INFO | [Model-B] 581,653,248 parameters
2026-03-19 00:32:53,657 | INFO | [Model-B] GPU mem used: 2.39 GB
2026-03-19 00:32:53,657 | WARNING | [Model-B] BetterTransformer skipped: No module named 'optimum'
2026-03-19 00:32:53,659 | INFO |   Bucket 0: 33 samples, len [7, 24]
2026-03-19 00:32:53,659 | INFO |   Bucket 1: 33 samples, len [25, 39]
2026-03-19 00:32:53,659 | INFO |   Bucket 2: 33 samples, len [39, 53]
2026-03-19 00:32:53,659 | INFO |   Bucket 3: 33 samples, len [54, 72]
2026-03-19 00:32:53,659 | INFO |   Bucket 4: 33 samples, len [72, 101]
2026-03-19 00:32:53,659 | INFO |   Bucket 5: 35 samples, len [102, 149]
2026-03-19 00:32:55,620 | INFO | [Model-B] Pool per sample: beam=4 + diverse=0 + sample=3x2=6 = 10 total
2026-03-19 00:32:58,049 | INFO | [Model-B] Pool per sample: beam=4 + diverse=0 + sample=3x2=6 = 10 total
2026-03-19 00:33:00,931 | INFO | [Model-B] Pool per sample: beam=4 + diverse=0 + sample=3x2=6 = 10 total
2026-03-19 00:33:04,571 | INFO | [Model-B] Pool per sample: beam=4 + diverse=0 + sample=3x2=6 = 10 total
2026-03-19 00:33:09,520 | INFO | [Model-B] Pool per sample: beam=4 + diverse=0 + sample=3x2=6 = 10 total
2026-03-19 00:33:12,630 | INFO | [Model-B] Pool per sample: beam=4 + diverse=0 + sample=3x2=6 = 10 total
2026-03-19 00:33:16,840 | INFO | [Model-B] Pool per sample: beam=4 + diverse=0 + sample=3x2=6 = 10 total
2026-03-19 00:33:21,227 | INFO | [Model-B] Pool per sample: beam=4 + diverse=0 + sample=3x2=6 = 10 total
2026-03-19 00:33:27,239 | INFO | [Model-B] Pool per sample: beam=4 + diverse=0 + sample=3x2=6 = 10 total
2026-03-19 00:33:31,735 | INFO | [Model-B] Pool per sample: beam=4 + diverse=0 + sample=3x2=6 = 10 total
2026-03-19 00:33:35,714 | INFO | [Model-B] Pool per sample: beam=4 + diverse=0 + sample=3x2=6 = 10 total
2026-03-19 00:33:39,612 | INFO | [Model-B] Pool per sample: beam=4 + diverse=0 + sample=3x2=6 = 10 total
2026-03-19 00:33:44,554 | INFO | [Model-B] Pool per sample: beam=4 + diverse=0 + sample=3x2=6 = 10 total
2026-03-19 00:33:50,531 | INFO | [Model-B] Pool per sample: beam=4 + diverse=0 + sample=3x2=6 = 10 total
2026-03-19 00:33:57,499 | INFO | [Model-B] Pool per sample: beam=4 + diverse=0 + sample=3x2=6 = 10 total
2026-03-19 00:34:03,144 | INFO | [Model-B] Pool per sample: beam=4 + diverse=0 + sample=3x2=6 = 10 total
2026-03-19 00:34:08,770 | INFO | [Model-B] Pool per sample: beam=4 + diverse=0 + sample=3x2=6 = 10 total
2026-03-19 00:34:17,581 | INFO | [Model-B] Pool per sample: beam=4 + diverse=0 + sample=3x2=6 = 10 total
2026-03-19 00:34:26,158 | INFO | [Model-B] Pool per sample: beam=4 + diverse=0 + sample=3x2=6 = 10 total
2026-03-19 00:34:33,182 | INFO | [Model-B] Pool per sample: beam=4 + diverse=0 + sample=3x2=6 = 10 total
2026-03-19 00:34:42,673 | INFO | [Model-B] Pool per sample: beam=4 + diverse=0 + sample=3x2=6 = 10 total
2026-03-19 00:34:50,578 | INFO | [Model-B] Pool per sample: beam=4 + diverse=0 + sample=3x2=6 = 10 total
2026-03-19 00:34:59,473 | INFO | [Model-B] Pool per sample: beam=4 + diverse=0 + sample=3x2=6 = 10 total
2026-03-19 00:35:10,629 | INFO | [Model-B] Pool per sample: beam=4 + diverse=0 + sample=3x2=6 = 10 total
2026-03-19 00:35:17,733 | INFO | [Model-B] Pool per sample: beam=4 + diverse=0 + sample=3x2=6 = 10 total
2026-03-19 00:35:27,985 | INFO | [Model-B] Pool per sample: beam=4 + diverse=0 + sample=3x2=6 = 10 total
2026-03-19 00:35:37,119 | INFO | [Model-B] Pool per sample: beam=4 + diverse=0 + sample=3x2=6 = 10 total
2026-03-19 00:35:45,714 | INFO | [Model-B] Pool per sample: beam=4 + diverse=0 + sample=3x2=6 = 10 total
2026-03-19 00:35:53,510 | INFO | [Model-B] Pool per sample: beam=4 + diverse=0 + sample=3x2=6 = 10 total
2026-03-19 00:36:03,502 | INFO | [Model-B] Pool per sample: beam=4 + diverse=0 + sample=3x2=6 = 10 total
2026-03-19 00:36:14,354 | INFO | [Model-B] Pool per sample: beam=4 + diverse=0 + sample=3x2=6 = 10 total
2026-03-19 00:36:26,520 | INFO | [Model-B] Pool per sample: beam=4 + diverse=0 + sample=3x2=6 = 10 total
2026-03-19 00:36:41,120 | INFO | [Model-B] Pool per sample: beam=4 + diverse=0 + sample=3x2=6 = 10 total
2026-03-19 00:36:49,228 | INFO | [Model-B] Pool per sample: beam=4 + diverse=0 + sample=3x2=6 = 10 total
2026-03-19 00:37:01,767 | INFO | [Model-B] Pool per sample: beam=4 + diverse=0 + sample=3x2=6 = 10 total
2026-03-19 00:37:13,662 | INFO | [Model-B] Pool per sample: beam=4 + diverse=0 + sample=3x2=6 = 10 total
2026-03-19 00:37:26,724 | INFO | [Model-B] Pool per sample: beam=4 + diverse=0 + sample=3x2=6 = 10 total
2026-03-19 00:37:38,571 | INFO | [Model-B] Pool per sample: beam=4 + diverse=0 + sample=3x2=6 = 10 total
2026-03-19 00:37:50,348 | INFO | [Model-B] Pool per sample: beam=4 + diverse=0 + sample=3x2=6 = 10 total
2026-03-19 00:38:02,963 | INFO | [Model-B] Pool per sample: beam=4 + diverse=0 + sample=3x2=6 = 10 total
2026-03-19 00:38:18,721 | INFO | [Model-B] Pool per sample: beam=4 + diverse=0 + sample=3x2=6 = 10 total
2026-03-19 00:38:33,207 | INFO | [Model-B] Pool per sample: beam=4 + diverse=0 + sample=3x2=6 = 10 total
2026-03-19 00:38:45,797 | INFO | [Model-B] Pool per sample: beam=4 + diverse=0 + sample=3x2=6 = 10 total
2026-03-19 00:38:59,530 | INFO | [Model-B] Pool per sample: beam=4 + diverse=0 + sample=3x2=6 = 10 total
2026-03-19 00:39:10,585 | INFO | [Model-B] Pool per sample: beam=4 + diverse=0 + sample=3x2=6 = 10 total
2026-03-19 00:39:29,081 | INFO | [Model-B] Pool per sample: beam=4 + diverse=0 + sample=3x2=6 = 10 total
2026-03-19 00:39:43,041 | INFO | [Model-B] Pool per sample: beam=4 + diverse=0 + sample=3x2=6 = 10 total
2026-03-19 00:39:56,359 | INFO | [Model-B] Pool per sample: beam=4 + diverse=0 + sample=3x2=6 = 10 total
2026-03-19 00:40:09,229 | INFO | [Model-B] Pool per sample: beam=4 + diverse=0 + sample=3x2=6 = 10 total
2026-03-19 00:40:23,792 | INFO | [Model-B] Pool per sample: beam=4 + diverse=0 + sample=3x2=6 = 10 total
2026-03-19 00:40:38,286 | INFO | [Model-B] Pool per sample: beam=4 + diverse=0 + sample=3x2=6 = 10 total
2026-03-19 00:40:53,735 | INFO | [Model-B] Pool per sample: beam=4 + diverse=0 + sample=3x2=6 = 10 total
2026-03-19 00:41:09,688 | INFO | [Model-B] Pool per sample: beam=4 + diverse=0 + sample=3x2=6 = 10 total
2026-03-19 00:41:18,991 | INFO | [Model-B] Pool per sample: beam=4 + diverse=0 + sample=3x2=6 = 10 total
2026-03-19 00:41:35,338 | INFO | [Model-B] Pool per sample: beam=4 + diverse=0 + sample=3x2=6 = 10 total
2026-03-19 00:41:50,046 | INFO | [Model-B] Pool per sample: beam=4 + diverse=0 + sample=3x2=6 = 10 total
2026-03-19 00:42:08,118 | INFO | [Model-B] Pool per sample: beam=4 + diverse=0 + sample=3x2=6 = 10 total
2026-03-19 00:42:22,469 | INFO | [Model-B] Pool per sample: beam=4 + diverse=0 + sample=3x2=6 = 10 total
2026-03-19 00:42:36,455 | INFO | [Model-B] Pool per sample: beam=4 + diverse=0 + sample=3x2=6 = 10 total
2026-03-19 00:42:51,844 | INFO | [Model-B] Pool per sample: beam=4 + diverse=0 + sample=3x2=6 = 10 total
2026-03-19 00:43:00,758 | INFO | [Model-B] Pool per sample: beam=4 + diverse=0 + sample=3x2=6 = 10 total
2026-03-19 00:43:23,088 | INFO | [Model-B] Pool per sample: beam=4 + diverse=0 + sample=3x2=6 = 10 total
2026-03-19 00:43:39,718 | INFO | [Model-B] Pool per sample: beam=4 + diverse=0 + sample=3x2=6 = 10 total
2026-03-19 00:43:54,996 | INFO | [Model-B] Pool per sample: beam=4 + diverse=0 + sample=3x2=6 = 10 total
2026-03-19 00:44:11,481 | INFO | [Model-B] Pool per sample: beam=4 + diverse=0 + sample=3x2=6 = 10 total
2026-03-19 00:44:29,580 | INFO | [Model-B] Pool per sample: beam=4 + diverse=0 + sample=3x2=6 = 10 total
2026-03-19 00:44:44,997 | INFO | [Model-B] Pool per sample: beam=4 + diverse=0 + sample=3x2=6 = 10 total
2026-03-19 00:45:01,251 | INFO | [Model-B] Pool per sample: beam=4 + diverse=0 + sample=3x2=6 = 10 total
2026-03-19 00:45:20,982 | INFO | [Model-B] Pool per sample: beam=4 + diverse=0 + sample=3x2=6 = 10 total
2026-03-19 00:45:40,909 | INFO | [Model-B] Pool per sample: beam=4 + diverse=0 + sample=3x2=6 = 10 total
2026-03-19 00:45:57,619 | INFO | [Model-B] Pool per sample: beam=4 + diverse=0 + sample=3x2=6 = 10 total
2026-03-19 00:46:14,349 | INFO | [Model-B] Pool per sample: beam=4 + diverse=0 + sample=3x2=6 = 10 total
2026-03-19 00:46:29,206 | INFO | [Model-B] Pool per sample: beam=4 + diverse=0 + sample=3x2=6 = 10 total
2026-03-19 00:46:49,593 | INFO | [Model-B] Pool per sample: beam=4 + diverse=0 + sample=3x2=6 = 10 total
2026-03-19 00:47:08,862 | INFO | [Model-B] Pool per sample: beam=4 + diverse=0 + sample=3x2=6 = 10 total
2026-03-19 00:47:26,974 | INFO | [Model-B] Pool per sample: beam=4 + diverse=0 + sample=3x2=6 = 10 total
2026-03-19 00:47:46,370 | INFO | [Model-B] Pool per sample: beam=4 + diverse=0 + sample=3x2=6 = 10 total
2026-03-19 00:48:03,823 | INFO | [Model-B] Pool per sample: beam=4 + diverse=0 + sample=3x2=6 = 10 total
2026-03-19 00:48:24,215 | INFO | [Model-B] Pool per sample: beam=4 + diverse=0 + sample=3x2=6 = 10 total
2026-03-19 00:48:45,627 | INFO | [Model-B] Pool per sample: beam=4 + diverse=0 + sample=3x2=6 = 10 total
2026-03-19 00:49:07,161 | INFO | [Model-B] Pool per sample: beam=4 + diverse=0 + sample=3x2=6 = 10 total
2026-03-19 00:49:28,979 | INFO | [Model-B] Pool per sample: beam=4 + diverse=0 + sample=3x2=6 = 10 total
2026-03-19 00:49:51,604 | INFO | [Model-B] Pool per sample: beam=4 + diverse=0 + sample=3x2=6 = 10 total
2026-03-19 00:50:07,698 | INFO | [Model-B] Pool per sample: beam=4 + diverse=0 + sample=3x2=6 = 10 total
2026-03-19 00:50:27,451 | INFO | [Model-B] Pool per sample: beam=4 + diverse=0 + sample=3x2=6 = 10 total
2026-03-19 00:50:49,623 | INFO | [Model-B] Pool per sample: beam=4 + diverse=0 + sample=3x2=6 = 10 total
2026-03-19 00:51:12,024 | INFO | [Model-B] Pool per sample: beam=4 + diverse=0 + sample=3x2=6 = 10 total
2026-03-19 00:51:34,370 | INFO | [Model-B] Pool per sample: beam=4 + diverse=0 + sample=3x2=6 = 10 total
2026-03-19 00:51:56,996 | INFO | [Model-B] Pool per sample: beam=4 + diverse=0 + sample=3x2=6 = 10 total
2026-03-19 00:52:19,879 | INFO | [Model-B] Pool per sample: beam=4 + diverse=0 + sample=3x2=6 = 10 total
2026-03-19 00:52:41,178 | INFO | [Model-B] Pool per sample: beam=4 + diverse=0 + sample=3x2=6 = 10 total
2026-03-19 00:53:04,087 | INFO | [Model-B] Pool per sample: beam=4 + diverse=0 + sample=3x2=6 = 10 total
2026-03-19 00:53:24,617 | INFO | [Model-B] Pool per sample: beam=4 + diverse=0 + sample=3x2=6 = 10 total
2026-03-19 00:53:47,264 | INFO | [Model-B] Pool per sample: beam=4 + diverse=0 + sample=3x2=6 = 10 total
2026-03-19 00:54:11,191 | INFO | [Model-B] Pool per sample: beam=4 + diverse=0 + sample=3x2=6 = 10 total
2026-03-19 00:54:35,815 | INFO | [Model-B] Pool per sample: beam=4 + diverse=0 + sample=3x2=6 = 10 total
2026-03-19 00:54:59,052 | INFO | [Model-B] Pool per sample: beam=4 + diverse=0 + sample=3x2=6 = 10 total
2026-03-19 00:55:22,784 | INFO | [Model-B] Pool per sample: beam=4 + diverse=0 + sample=3x2=6 = 10 total
2026-03-19 00:55:44,820 | INFO | [Model-B] Pool per sample: beam=4 + diverse=0 + sample=3x2=6 = 10 total
2026-03-19 00:56:07,600 | INFO | [Model-B] Pool per sample: beam=4 + diverse=0 + sample=3x2=6 = 10 total
2026-03-19 00:56:30,265 | INFO | [Model-B] Pool per sample: beam=4 + diverse=0 + sample=3x2=6 = 10 total
2026-03-19 00:56:52,518 | INFO | [Model-B] Pool per sample: beam=4 + diverse=0 + sample=3x2=6 = 10 total
2026-03-19 00:57:14,864 | INFO | [Model-B] Pool per sample: beam=4 + diverse=0 + sample=3x2=6 = 10 total
2026-03-19 00:57:37,612 | INFO | [Model-B] Pool per sample: beam=4 + diverse=0 + sample=3x2=6 = 10 total
2026-03-19 00:58:00,069 | INFO | [Model-B] Pool per sample: beam=4 + diverse=0 + sample=3x2=6 = 10 total
2026-03-19 00:58:22,407 | INFO | [Model-B] Pool per sample: beam=4 + diverse=0 + sample=3x2=6 = 10 total
2026-03-19 00:58:44,867 | INFO | [Model-B] Pool per sample: beam=4 + diverse=0 + sample=3x2=6 = 10 total
2026-03-19 00:59:07,275 | INFO | [Model-B] Pool per sample: beam=4 + diverse=0 + sample=3x2=6 = 10 total
2026-03-19 00:59:29,617 | INFO | [Model-B] Pool per sample: beam=4 + diverse=0 + sample=3x2=6 = 10 total
2026-03-19 00:59:49,942 | INFO | [Model-B] Pool per sample: beam=4 + diverse=0 + sample=3x2=6 = 10 total
2026-03-19 01:00:12,865 | INFO | [Model-B] Pool per sample: beam=4 + diverse=0 + sample=3x2=6 = 10 total
2026-03-19 01:00:35,515 | INFO | [Model-B] Pool per sample: beam=4 + diverse=0 + sample=3x2=6 = 10 total
2026-03-19 01:00:58,117 | INFO | [Model-B] Pool per sample: beam=4 + diverse=0 + sample=3x2=6 = 10 total
2026-03-19 01:01:20,685 | INFO | [Model-B] Pool per sample: beam=4 + diverse=0 + sample=3x2=6 = 10 total
2026-03-19 01:01:42,948 | INFO | [Model-B] Pool per sample: beam=4 + diverse=0 + sample=3x2=6 = 10 total
2026-03-19 01:02:05,685 | INFO | [Model-B] Pool per sample: beam=4 + diverse=0 + sample=3x2=6 = 10 total
2026-03-19 01:02:27,950 | INFO | [Model-B] Pool per sample: beam=4 + diverse=0 + sample=3x2=6 = 10 total
2026-03-19 01:02:50,424 | INFO | [Model-B] Pool per sample: beam=4 + diverse=0 + sample=3x2=6 = 10 total
2026-03-19 01:03:12,839 | INFO | [Model-B] Pool per sample: beam=4 + diverse=0 + sample=3x2=6 = 10 total
2026-03-19 01:03:35,140 | INFO | [Model-B] Pool per sample: beam=4 + diverse=0 + sample=3x2=6 = 10 total
2026-03-19 01:03:57,962 | INFO | [Model-B] Pool per sample: beam=4 + diverse=0 + sample=3x2=6 = 10 total
2026-03-19 01:04:20,341 | INFO | [Model-B] Pool per sample: beam=4 + diverse=0 + sample=3x2=6 = 10 total
2026-03-19 01:04:42,946 | INFO | [Model-B] Pool per sample: beam=4 + diverse=0 + sample=3x2=6 = 10 total
2026-03-19 01:05:05,927 | INFO | [Model-B] Pool per sample: beam=4 + diverse=0 + sample=3x2=6 = 10 total
2026-03-19 01:05:28,564 | INFO | [Model-B] Pool per sample: beam=4 + diverse=0 + sample=3x2=6 = 10 total
2026-03-19 01:05:51,244 | INFO | [Model-B] Pool per sample: beam=4 + diverse=0 + sample=3x2=6 = 10 total
2026-03-19 01:06:13,989 | INFO | [Model-B] Pool per sample: beam=4 + diverse=0 + sample=3x2=6 = 10 total
2026-03-19 01:06:36,697 | INFO | [Model-B] Pool per sample: beam=4 + diverse=0 + sample=3x2=6 = 10 total
2026-03-19 01:06:59,165 | INFO | [Model-B] Pool per sample: beam=4 + diverse=0 + sample=3x2=6 = 10 total
2026-03-19 01:07:21,270 | INFO | [Model-B] Pool per sample: beam=4 + diverse=0 + sample=3x2=6 = 10 total
2026-03-19 01:07:43,705 | INFO | [Model-B] Pool per sample: beam=4 + diverse=0 + sample=3x2=6 = 10 total
2026-03-19 01:08:06,370 | INFO | [Model-B] Pool per sample: beam=4 + diverse=0 + sample=3x2=6 = 10 total
2026-03-19 01:08:28,875 | INFO | [Model-B] Pool per sample: beam=4 + diverse=0 + sample=3x2=6 = 10 total
2026-03-19 01:08:52,152 | INFO | [Model-B] Pool per sample: beam=4 + diverse=0 + sample=3x2=6 = 10 total
2026-03-19 01:09:14,838 | INFO | [Model-B] Pool per sample: beam=4 + diverse=0 + sample=3x2=6 = 10 total
2026-03-19 01:09:37,402 | INFO | [Model-B] Pool per sample: beam=4 + diverse=0 + sample=3x2=6 = 10 total
2026-03-19 01:10:00,131 | INFO | [Model-B] Pool per sample: beam=4 + diverse=0 + sample=3x2=6 = 10 total
2026-03-19 01:10:22,627 | INFO | [Model-B] Pool per sample: beam=4 + diverse=0 + sample=3x2=6 = 10 total
2026-03-19 01:10:44,999 | INFO | [Model-B] Pool per sample: beam=4 + diverse=0 + sample=3x2=6 = 10 total
2026-03-19 01:11:07,916 | INFO | [Model-B] Pool per sample: beam=4 + diverse=0 + sample=3x2=6 = 10 total
2026-03-19 01:11:30,249 | INFO | [Model-B] Pool per sample: beam=4 + diverse=0 + sample=3x2=6 = 10 total
2026-03-19 01:11:52,574 | INFO | [Model-B] Pool per sample: beam=4 + diverse=0 + sample=3x2=6 = 10 total
2026-03-19 01:12:15,358 | INFO | [Model-B] Pool per sample: beam=4 + diverse=0 + sample=3x2=6 = 10 total
2026-03-19 01:12:37,641 | INFO | [Model-B] Pool per sample: beam=4 + diverse=0 + sample=3x2=6 = 10 total
2026-03-19 01:13:00,056 | INFO | [Model-B] Pool per sample: beam=4 + diverse=0 + sample=3x2=6 = 10 total
2026-03-19 01:13:22,680 | INFO | [Model-B] Pool per sample: beam=4 + diverse=0 + sample=3x2=6 = 10 total
2026-03-19 01:13:45,439 | INFO | [Model-B] Pool per sample: beam=4 + diverse=0 + sample=3x2=6 = 10 total
2026-03-19 01:14:09,380 | INFO | [Model-B] Pool per sample: beam=4 + diverse=0 + sample=3x2=6 = 10 total
2026-03-19 01:14:32,384 | INFO | [Model-B] Pool per sample: beam=4 + diverse=0 + sample=3x2=6 = 10 total
2026-03-19 01:14:55,018 | INFO | [Model-B] Pool per sample: beam=4 + diverse=0 + sample=3x2=6 = 10 total
2026-03-19 01:15:17,570 | INFO | [Model-B] Pool per sample: beam=4 + diverse=0 + sample=3x2=6 = 10 total
2026-03-19 01:15:40,328 | INFO | [Model-B] Pool per sample: beam=4 + diverse=0 + sample=3x2=6 = 10 total
2026-03-19 01:16:03,551 | INFO | [Model-B] Pool per sample: beam=4 + diverse=0 + sample=3x2=6 = 10 total
2026-03-19 01:16:26,285 | INFO | [Model-B] Pool per sample: beam=4 + diverse=0 + sample=3x2=6 = 10 total
2026-03-19 01:16:49,345 | INFO | [Model-B] Pool per sample: beam=4 + diverse=0 + sample=3x2=6 = 10 total
2026-03-19 01:17:12,243 | INFO | [Model-B] Pool per sample: beam=4 + diverse=0 + sample=3x2=6 = 10 total
2026-03-19 01:17:35,372 | INFO | [Model-B] Pool per sample: beam=4 + diverse=0 + sample=3x2=6 = 10 total
2026-03-19 01:17:58,566 | INFO | [Model-B] Pool per sample: beam=4 + diverse=0 + sample=3x2=6 = 10 total
2026-03-19 01:18:21,512 | INFO | [Model-B] Pool per sample: beam=4 + diverse=0 + sample=3x2=6 = 10 total
2026-03-19 01:18:44,057 | INFO | [Model-B] Pool per sample: beam=4 + diverse=0 + sample=3x2=6 = 10 total
2026-03-19 01:19:07,516 | INFO | [Model-B] Pool per sample: beam=4 + diverse=0 + sample=3x2=6 = 10 total
2026-03-19 01:19:30,324 | INFO | [Model-B] Pool per sample: beam=4 + diverse=0 + sample=3x2=6 = 10 total
2026-03-19 01:19:53,253 | INFO | [Model-B] Pool per sample: beam=4 + diverse=0 + sample=3x2=6 = 10 total
2026-03-19 01:20:15,971 | INFO | [Model-B] Pool per sample: beam=4 + diverse=0 + sample=3x2=6 = 10 total
2026-03-19 01:20:39,201 | INFO | [Model-B] Pool per sample: beam=4 + diverse=0 + sample=3x2=6 = 10 total
2026-03-19 01:21:02,005 | INFO | [Model-B] Pool per sample: beam=4 + diverse=0 + sample=3x2=6 = 10 total
2026-03-19 01:21:25,358 | INFO | [Model-B] Pool per sample: beam=4 + diverse=0 + sample=3x2=6 = 10 total
2026-03-19 01:21:48,693 | INFO | [Model-B] Pool per sample: beam=4 + diverse=0 + sample=3x2=6 = 10 total
2026-03-19 01:22:11,908 | INFO | [Model-B] Pool per sample: beam=4 + diverse=0 + sample=3x2=6 = 10 total
2026-03-19 01:22:35,008 | INFO | [Model-B] Pool per sample: beam=4 + diverse=0 + sample=3x2=6 = 10 total
2026-03-19 01:22:57,483 | INFO | [Model-B] Pool per sample: beam=4 + diverse=0 + sample=3x2=6 = 10 total
2026-03-19 01:23:20,958 | INFO | [Model-B] Pool per sample: beam=4 + diverse=0 + sample=3x2=6 = 10 total
2026-03-19 01:23:43,968 | INFO | [Model-B] Pool per sample: beam=4 + diverse=0 + sample=3x2=6 = 10 total
2026-03-19 01:24:07,088 | INFO | [Model-B] Pool per sample: beam=4 + diverse=0 + sample=3x2=6 = 10 total
2026-03-19 01:24:30,439 | INFO | [Model-B] Pool per sample: beam=4 + diverse=0 + sample=3x2=6 = 10 total
2026-03-19 01:24:53,346 | INFO | [Model-B] Pool per sample: beam=4 + diverse=0 + sample=3x2=6 = 10 total
2026-03-19 01:25:16,118 | INFO | [Model-B] Pool per sample: beam=4 + diverse=0 + sample=3x2=6 = 10 total
2026-03-19 01:25:38,847 | INFO | [Model-B] Pool per sample: beam=4 + diverse=0 + sample=3x2=6 = 10 total
2026-03-19 01:26:02,082 | INFO | [Model-B] Pool per sample: beam=4 + diverse=0 + sample=3x2=6 = 10 total
2026-03-19 01:26:25,372 | INFO | [Model-B] Pool per sample: beam=4 + diverse=0 + sample=3x2=6 = 10 total
2026-03-19 01:26:48,039 | INFO | [Model-B] Pool per sample: beam=4 + diverse=0 + sample=3x2=6 = 10 total
2026-03-19 01:27:11,176 | INFO | [Model-B] Pool per sample: beam=4 + diverse=0 + sample=3x2=6 = 10 total
2026-03-19 01:27:33,847 | INFO | [Model-B] Pool per sample: beam=4 + diverse=0 + sample=3x2=6 = 10 total
2026-03-19 01:27:56,967 | INFO | [Model-B] Pool per sample: beam=4 + diverse=0 + sample=3x2=6 = 10 total
2026-03-19 01:28:20,515 | INFO | [Model-B] Pool per sample: beam=4 + diverse=0 + sample=3x2=6 = 10 total
2026-03-19 01:28:43,187 | INFO | [Model-B] Pool per sample: beam=4 + diverse=0 + sample=3x2=6 = 10 total
2026-03-19 01:29:06,358 | INFO | [Model-B] Pool per sample: beam=4 + diverse=0 + sample=3x2=6 = 10 total
2026-03-19 01:29:29,285 | INFO | [Model-B] Pool per sample: beam=4 + diverse=0 + sample=3x2=6 = 10 total
2026-03-19 01:29:52,097 | INFO | [Model-B] Pool per sample: beam=4 + diverse=0 + sample=3x2=6 = 10 total
2026-03-19 01:30:14,830 | INFO | [Model-B] Pool per sample: beam=4 + diverse=0 + sample=3x2=6 = 10 total
2026-03-19 01:30:37,652 | INFO | [Model-B] Pool per sample: beam=4 + diverse=0 + sample=3x2=6 = 10 total
2026-03-19 01:31:00,344 | INFO | [Model-B] Pool per sample: beam=4 + diverse=0 + sample=3x2=6 = 10 total
2026-03-19 01:31:23,380 | INFO | [Model-B] Pool per sample: beam=4 + diverse=0 + sample=3x2=6 = 10 total
2026-03-19 01:31:46,539 | INFO | [Model-B] Pool per sample: beam=4 + diverse=0 + sample=3x2=6 = 10 total
2026-03-19 01:32:09,870 | INFO | [Model-B] Pool per sample: beam=4 + diverse=0 + sample=3x2=6 = 10 total
2026-03-19 01:32:32,883 | INFO | [Model-B] Pool per sample: beam=4 + diverse=0 + sample=3x2=6 = 10 total
2026-03-19 01:32:56,419 | INFO | [Model-B] Pool per sample: beam=4 + diverse=0 + sample=3x2=6 = 10 total
2026-03-19 01:33:19,048 | INFO | [Model-B] Pool per sample: beam=4 + diverse=0 + sample=3x2=6 = 10 total
2026-03-19 01:33:41,988 | INFO | [Model-B] Pool per sample: beam=4 + diverse=0 + sample=3x2=6 = 10 total
2026-03-19 01:34:04,953 | INFO | [Model-B] Pool per sample: beam=4 + diverse=0 + sample=3x2=6 = 10 total
2026-03-19 01:34:05,117 | INFO | [Model-B] Unloaded. GPU free: 8.58 GB
2026-03-19 01:34:05,117 | INFO | Phase 3/3 ¡ª Pool merge + MBR selection
2026-03-19 01:35:12,745 | INFO |   Checkpoint: 200 rows ¡ú d:\03_Development\translate_akkadian\working\checkpoint_200.csv
2026-03-19 01:35:12,746 | INFO | ============================================================
2026-03-19 01:35:12,747 | INFO | Empty     : 0 (0.00%)
2026-03-19 01:35:12,750 | INFO | Len mean  : 296.7  median: 362.0  min: 25  max: 436
2026-03-19 01:35:12,753 | INFO |   ID 080d13ab-4e1a-4865-86b0-1018f7a43b93: <gap> of the 11 minas of silver from your tablet 5 minas of silver <gap> 2 minas
2026-03-19 01:35:12,756 | INFO | ============================================================
2026-03-19 01:35:12,759 | INFO | Saved ¡ú d:\03_Development\translate_akkadian\working\submission.csv  (200 rows)
2026-03-19 02:35:56,162 | INFO | Loading test data: d:/03_Development/translate_akkadian/input/competitions/test_subset.csv
2026-03-19 02:35:56,178 | INFO | Test samples: 200
2026-03-19 02:35:56,180 | INFO | ============================================================
2026-03-19 02:35:56,180 | INFO | Ensemble ¡Á MBR  | Cross-model candidate pooling  v2
2026-03-19 02:35:56,180 | INFO |   Model A           : d:/03_Development/translate_akkadian/input/datasets/assiaben/byt5-akkadian-optimized-34x
2026-03-19 02:35:56,181 | INFO |   Model B           : d:/03_Development/translate_akkadian/input/models/mattiaangeli/byt5-akkadian-mbr-v2-pytorch-default-v1
2026-03-19 02:35:56,181 | INFO |   Standard beam     : 4 (num_beams=8)
2026-03-19 02:35:56,181 | INFO |   Diverse beam      : OFF cands=4, groups=4, penalty=0.8
2026-03-19 02:35:56,181 | INFO |   Multi-temp sample : ON temps=[0.6, 0.8, 1.05], 2/temp ¡ú 6 total
2026-03-19 02:35:56,181 | INFO |   Cands/model/sample: 10 ¡ú pool ¡Ö 20 (2 models, pre-dedup)
2026-03-19 02:35:56,181 | INFO |   MBR pool cap      : 32
2026-03-19 02:35:56,181 | INFO |   BF16 AMP          : True
2026-03-19 02:35:56,181 | INFO |   batch_size        : 1
2026-03-19 02:35:56,181 | INFO | ============================================================
2026-03-19 02:35:56,213 | INFO | Dataset: 200 samples
2026-03-19 02:35:56,213 | INFO | Phase 1/2 ¡ª Model A inference
2026-03-19 02:35:56,214 | INFO | [Model-A] Loading from d:/03_Development/translate_akkadian/input/datasets/assiaben/byt5-akkadian-optimized-34x
2026-03-19 02:36:01,304 | INFO | [Model-A] 581,653,248 parameters
2026-03-19 02:36:01,305 | INFO | [Model-A] GPU mem used: 2.38 GB
2026-03-19 02:36:01,305 | WARNING | [Model-A] BetterTransformer skipped: No module named 'optimum'
2026-03-19 02:36:01,307 | INFO |   Bucket 0: 33 samples, len [7, 24]
2026-03-19 02:36:01,307 | INFO |   Bucket 1: 33 samples, len [25, 39]
2026-03-19 02:36:01,307 | INFO |   Bucket 2: 33 samples, len [39, 53]
2026-03-19 02:36:01,307 | INFO |   Bucket 3: 33 samples, len [54, 72]
2026-03-19 02:36:01,307 | INFO |   Bucket 4: 33 samples, len [72, 101]
2026-03-19 02:36:01,307 | INFO |   Bucket 5: 35 samples, len [102, 149]
2026-03-19 02:36:57,475 | INFO | [Model-A] Pool per sample: beam=4 + diverse=0 + sample=3x2=6 = 10 total
2026-03-19 02:37:20,354 | INFO | [Model-A] Pool per sample: beam=4 + diverse=0 + sample=3x2=6 = 10 total
2026-03-19 02:37:42,363 | INFO | [Model-A] Pool per sample: beam=4 + diverse=0 + sample=3x2=6 = 10 total
2026-03-19 02:38:06,579 | INFO | [Model-A] Pool per sample: beam=4 + diverse=0 + sample=3x2=6 = 10 total
2026-03-19 02:38:29,983 | INFO | [Model-A] Pool per sample: beam=4 + diverse=0 + sample=3x2=6 = 10 total
2026-03-19 02:38:53,860 | INFO | [Model-A] Pool per sample: beam=4 + diverse=0 + sample=3x2=6 = 10 total
2026-03-19 02:53:39,309 | INFO | Loading test data: d:/03_Development/translate_akkadian/input/competitions/test_subset.csv
2026-03-19 02:53:39,325 | INFO | Test samples: 200
2026-03-19 02:53:39,327 | INFO | ============================================================
2026-03-19 02:53:39,327 | INFO | Ensemble ¡Á MBR  | Cross-model candidate pooling  v2
2026-03-19 02:53:39,327 | INFO |   Model A           : d:/03_Development/translate_akkadian/input/datasets/assiaben/byt5-akkadian-optimized-34x
2026-03-19 02:53:39,329 | INFO |   Model B           : d:/03_Development/translate_akkadian/input/models/mattiaangeli/byt5-akkadian-mbr-v2-pytorch-default-v1
2026-03-19 02:53:39,329 | INFO |   Standard beam     : 4 (num_beams=8)
2026-03-19 02:53:39,329 | INFO |   Diverse beam      : OFF cands=4, groups=4, penalty=0.8
2026-03-19 02:53:39,329 | INFO |   Multi-temp sample : ON temps=[0.6, 0.8, 1.05], 2/temp ¡ú 6 total
2026-03-19 02:53:39,329 | INFO |   Cands/model/sample: 10 ¡ú pool ¡Ö 20 (2 models, pre-dedup)
2026-03-19 02:53:39,329 | INFO |   MBR pool cap      : 32
2026-03-19 02:53:39,329 | INFO |   BF16 AMP          : True
2026-03-19 02:53:39,329 | INFO |   batch_size        : 1
2026-03-19 02:53:39,329 | INFO | ============================================================
2026-03-19 02:53:39,354 | INFO | Dataset: 200 samples
2026-03-19 02:53:39,354 | INFO | Phase 1/2 ¡ª Model A inference
2026-03-19 02:53:39,356 | INFO | [Model-A] Loading from d:/03_Development/translate_akkadian/input/datasets/assiaben/byt5-akkadian-optimized-34x
2026-03-19 02:53:43,440 | INFO | [Model-A] 581,653,248 parameters
2026-03-19 02:53:43,442 | INFO | [Model-A] GPU mem used: 2.38 GB
2026-03-19 02:53:43,442 | WARNING | [Model-A] BetterTransformer skipped: No module named 'optimum'
2026-03-19 02:53:43,443 | INFO |   Bucket 0: 33 samples, len [7, 24]
2026-03-19 02:53:43,443 | INFO |   Bucket 1: 33 samples, len [25, 39]
2026-03-19 02:53:43,443 | INFO |   Bucket 2: 33 samples, len [39, 53]
2026-03-19 02:53:43,443 | INFO |   Bucket 3: 33 samples, len [54, 72]
2026-03-19 02:53:43,443 | INFO |   Bucket 4: 33 samples, len [72, 101]
2026-03-19 02:53:43,444 | INFO |   Bucket 5: 35 samples, len [102, 149]
2026-03-19 02:53:46,322 | INFO | [Model-A] Pool per sample: beam=4 + diverse=0 + sample=3x2=6 = 10 total
2026-03-19 02:53:48,660 | INFO | [Model-A] Pool per sample: beam=4 + diverse=0 + sample=3x2=6 = 10 total
2026-03-19 02:53:52,054 | INFO | [Model-A] Pool per sample: beam=4 + diverse=0 + sample=3x2=6 = 10 total
2026-03-19 02:53:55,656 | INFO | [Model-A] Pool per sample: beam=4 + diverse=0 + sample=3x2=6 = 10 total
2026-03-19 02:54:00,241 | INFO | [Model-A] Pool per sample: beam=4 + diverse=0 + sample=3x2=6 = 10 total
2026-03-19 02:54:03,699 | INFO | [Model-A] Pool per sample: beam=4 + diverse=0 + sample=3x2=6 = 10 total
2026-03-19 02:54:07,446 | INFO | [Model-A] Pool per sample: beam=4 + diverse=0 + sample=3x2=6 = 10 total
2026-03-19 02:54:11,786 | INFO | [Model-A] Pool per sample: beam=4 + diverse=0 + sample=3x2=6 = 10 total
2026-03-19 02:54:17,220 | INFO | [Model-A] Pool per sample: beam=4 + diverse=0 + sample=3x2=6 = 10 total
2026-03-19 02:54:21,798 | INFO | [Model-A] Pool per sample: beam=4 + diverse=0 + sample=3x2=6 = 10 total
2026-03-19 02:54:25,261 | INFO | [Model-A] Pool per sample: beam=4 + diverse=0 + sample=3x2=6 = 10 total
2026-03-19 02:54:29,390 | INFO | [Model-A] Pool per sample: beam=4 + diverse=0 + sample=3x2=6 = 10 total
2026-03-19 02:54:34,160 | INFO | [Model-A] Pool per sample: beam=4 + diverse=0 + sample=3x2=6 = 10 total
2026-03-19 02:54:39,992 | INFO | [Model-A] Pool per sample: beam=4 + diverse=0 + sample=3x2=6 = 10 total
2026-03-19 02:54:46,458 | INFO | [Model-A] Pool per sample: beam=4 + diverse=0 + sample=3x2=6 = 10 total
2026-03-19 02:54:51,782 | INFO | [Model-A] Pool per sample: beam=4 + diverse=0 + sample=3x2=6 = 10 total
2026-03-19 02:54:58,359 | INFO | [Model-A] Pool per sample: beam=4 + diverse=0 + sample=3x2=6 = 10 total
2026-03-19 02:55:06,876 | INFO | [Model-A] Pool per sample: beam=4 + diverse=0 + sample=3x2=6 = 10 total
2026-03-19 02:55:15,674 | INFO | [Model-A] Pool per sample: beam=4 + diverse=0 + sample=3x2=6 = 10 total
2026-03-19 02:55:22,984 | INFO | [Model-A] Pool per sample: beam=4 + diverse=0 + sample=3x2=6 = 10 total
2026-03-19 02:55:32,195 | INFO | [Model-A] Pool per sample: beam=4 + diverse=0 + sample=3x2=6 = 10 total
2026-03-19 02:55:38,326 | INFO | [Model-A] Pool per sample: beam=4 + diverse=0 + sample=3x2=6 = 10 total
2026-03-19 02:55:47,521 | INFO | [Model-A] Pool per sample: beam=4 + diverse=0 + sample=3x2=6 = 10 total
2026-03-19 02:55:58,078 | INFO | [Model-A] Pool per sample: beam=4 + diverse=0 + sample=3x2=6 = 10 total
2026-03-19 02:56:05,558 | INFO | [Model-A] Pool per sample: beam=4 + diverse=0 + sample=3x2=6 = 10 total
2026-03-19 02:56:14,562 | INFO | [Model-A] Pool per sample: beam=4 + diverse=0 + sample=3x2=6 = 10 total
2026-03-19 02:56:23,365 | INFO | [Model-A] Pool per sample: beam=4 + diverse=0 + sample=3x2=6 = 10 total
2026-03-19 02:56:32,251 | INFO | [Model-A] Pool per sample: beam=4 + diverse=0 + sample=3x2=6 = 10 total
2026-03-19 02:56:39,352 | INFO | [Model-A] Pool per sample: beam=4 + diverse=0 + sample=3x2=6 = 10 total
2026-03-19 02:56:47,380 | INFO | [Model-A] Pool per sample: beam=4 + diverse=0 + sample=3x2=6 = 10 total
2026-03-19 02:56:57,517 | INFO | [Model-A] Pool per sample: beam=4 + diverse=0 + sample=3x2=6 = 10 total
2026-03-19 02:57:10,503 | INFO | [Model-A] Pool per sample: beam=4 + diverse=0 + sample=3x2=6 = 10 total
2026-03-19 02:57:20,577 | INFO | [Model-A] Pool per sample: beam=4 + diverse=0 + sample=3x2=6 = 10 total
2026-03-19 02:57:30,725 | INFO | [Model-A] Pool per sample: beam=4 + diverse=0 + sample=3x2=6 = 10 total
2026-03-19 02:57:43,909 | INFO | [Model-A] Pool per sample: beam=4 + diverse=0 + sample=3x2=6 = 10 total
2026-03-19 02:57:55,502 | INFO | [Model-A] Pool per sample: beam=4 + diverse=0 + sample=3x2=6 = 10 total
2026-03-19 02:58:06,634 | INFO | [Model-A] Pool per sample: beam=4 + diverse=0 + sample=3x2=6 = 10 total
2026-03-19 02:58:17,980 | INFO | [Model-A] Pool per sample: beam=4 + diverse=0 + sample=3x2=6 = 10 total
2026-03-19 02:58:29,786 | INFO | [Model-A] Pool per sample: beam=4 + diverse=0 + sample=3x2=6 = 10 total
2026-03-19 02:58:41,898 | INFO | [Model-A] Pool per sample: beam=4 + diverse=0 + sample=3x2=6 = 10 total
2026-03-19 02:58:55,605 | INFO | [Model-A] Pool per sample: beam=4 + diverse=0 + sample=3x2=6 = 10 total
2026-03-19 02:59:07,525 | INFO | [Model-A] Pool per sample: beam=4 + diverse=0 + sample=3x2=6 = 10 total
2026-03-19 02:59:19,178 | INFO | [Model-A] Pool per sample: beam=4 + diverse=0 + sample=3x2=6 = 10 total
2026-03-19 02:59:33,391 | INFO | [Model-A] Pool per sample: beam=4 + diverse=0 + sample=3x2=6 = 10 total
2026-03-19 02:59:44,374 | INFO | [Model-A] Pool per sample: beam=4 + diverse=0 + sample=3x2=6 = 10 total
2026-03-19 02:59:59,957 | INFO | [Model-A] Pool per sample: beam=4 + diverse=0 + sample=3x2=6 = 10 total
2026-03-19 03:00:14,988 | INFO | [Model-A] Pool per sample: beam=4 + diverse=0 + sample=3x2=6 = 10 total
2026-03-19 03:00:27,500 | INFO | [Model-A] Pool per sample: beam=4 + diverse=0 + sample=3x2=6 = 10 total
2026-03-19 03:00:39,907 | INFO | [Model-A] Pool per sample: beam=4 + diverse=0 + sample=3x2=6 = 10 total
2026-03-19 03:00:54,735 | INFO | [Model-A] Pool per sample: beam=4 + diverse=0 + sample=3x2=6 = 10 total
2026-03-19 03:01:08,802 | INFO | [Model-A] Pool per sample: beam=4 + diverse=0 + sample=3x2=6 = 10 total
2026-03-19 03:01:23,932 | INFO | [Model-A] Pool per sample: beam=4 + diverse=0 + sample=3x2=6 = 10 total
2026-03-19 03:01:39,198 | INFO | [Model-A] Pool per sample: beam=4 + diverse=0 + sample=3x2=6 = 10 total
2026-03-19 03:01:50,102 | INFO | [Model-A] Pool per sample: beam=4 + diverse=0 + sample=3x2=6 = 10 total
2026-03-19 03:02:05,672 | INFO | [Model-A] Pool per sample: beam=4 + diverse=0 + sample=3x2=6 = 10 total
2026-03-19 03:02:16,929 | INFO | [Model-A] Pool per sample: beam=4 + diverse=0 + sample=3x2=6 = 10 total
2026-03-19 03:02:33,729 | INFO | [Model-A] Pool per sample: beam=4 + diverse=0 + sample=3x2=6 = 10 total
2026-03-19 03:02:47,394 | INFO | [Model-A] Pool per sample: beam=4 + diverse=0 + sample=3x2=6 = 10 total
2026-03-19 03:03:03,001 | INFO | [Model-A] Pool per sample: beam=4 + diverse=0 + sample=3x2=6 = 10 total
2026-03-19 03:03:17,984 | INFO | [Model-A] Pool per sample: beam=4 + diverse=0 + sample=3x2=6 = 10 total
2026-03-19 03:03:29,148 | INFO | [Model-A] Pool per sample: beam=4 + diverse=0 + sample=3x2=6 = 10 total
2026-03-19 03:03:45,260 | INFO | [Model-A] Pool per sample: beam=4 + diverse=0 + sample=3x2=6 = 10 total
2026-03-19 03:04:00,669 | INFO | [Model-A] Pool per sample: beam=4 + diverse=0 + sample=3x2=6 = 10 total
2026-03-19 03:04:12,321 | INFO | [Model-A] Pool per sample: beam=4 + diverse=0 + sample=3x2=6 = 10 total
2026-03-19 03:04:28,780 | INFO | [Model-A] Pool per sample: beam=4 + diverse=0 + sample=3x2=6 = 10 total
2026-03-19 03:04:44,081 | INFO | [Model-A] Pool per sample: beam=4 + diverse=0 + sample=3x2=6 = 10 total
2026-03-19 03:04:55,718 | INFO | [Model-A] Pool per sample: beam=4 + diverse=0 + sample=3x2=6 = 10 total
2026-03-19 03:05:11,435 | INFO | [Model-A] Pool per sample: beam=4 + diverse=0 + sample=3x2=6 = 10 total
2026-03-19 03:05:28,632 | INFO | [Model-A] Pool per sample: beam=4 + diverse=0 + sample=3x2=6 = 10 total
2026-03-19 03:05:47,037 | INFO | [Model-A] Pool per sample: beam=4 + diverse=0 + sample=3x2=6 = 10 total
2026-03-19 03:06:03,804 | INFO | [Model-A] Pool per sample: beam=4 + diverse=0 + sample=3x2=6 = 10 total
2026-03-19 03:06:21,385 | INFO | [Model-A] Pool per sample: beam=4 + diverse=0 + sample=3x2=6 = 10 total
2026-03-19 03:06:36,939 | INFO | [Model-A] Pool per sample: beam=4 + diverse=0 + sample=3x2=6 = 10 total
2026-03-19 03:06:56,038 | INFO | [Model-A] Pool per sample: beam=4 + diverse=0 + sample=3x2=6 = 10 total
2026-03-19 03:07:13,249 | INFO | [Model-A] Pool per sample: beam=4 + diverse=0 + sample=3x2=6 = 10 total
2026-03-19 03:07:31,320 | INFO | [Model-A] Pool per sample: beam=4 + diverse=0 + sample=3x2=6 = 10 total
2026-03-19 03:07:50,553 | INFO | [Model-A] Pool per sample: beam=4 + diverse=0 + sample=3x2=6 = 10 total
2026-03-19 03:08:06,253 | INFO | [Model-A] Pool per sample: beam=4 + diverse=0 + sample=3x2=6 = 10 total
2026-03-19 03:08:23,771 | INFO | [Model-A] Pool per sample: beam=4 + diverse=0 + sample=3x2=6 = 10 total
2026-03-19 03:08:44,623 | INFO | [Model-A] Pool per sample: beam=4 + diverse=0 + sample=3x2=6 = 10 total
2026-03-19 03:09:03,701 | INFO | [Model-A] Pool per sample: beam=4 + diverse=0 + sample=3x2=6 = 10 total
2026-03-19 03:09:23,465 | INFO | [Model-A] Pool per sample: beam=4 + diverse=0 + sample=3x2=6 = 10 total
2026-03-19 03:09:45,419 | INFO | [Model-A] Pool per sample: beam=4 + diverse=0 + sample=3x2=6 = 10 total
2026-03-19 03:10:02,674 | INFO | [Model-A] Pool per sample: beam=4 + diverse=0 + sample=3x2=6 = 10 total
2026-03-19 03:10:20,544 | INFO | [Model-A] Pool per sample: beam=4 + diverse=0 + sample=3x2=6 = 10 total
2026-03-19 03:10:40,815 | INFO | [Model-A] Pool per sample: beam=4 + diverse=0 + sample=3x2=6 = 10 total
2026-03-19 03:11:00,422 | INFO | [Model-A] Pool per sample: beam=4 + diverse=0 + sample=3x2=6 = 10 total
2026-03-19 03:11:21,015 | INFO | [Model-A] Pool per sample: beam=4 + diverse=0 + sample=3x2=6 = 10 total
2026-03-19 03:11:42,134 | INFO | [Model-A] Pool per sample: beam=4 + diverse=0 + sample=3x2=6 = 10 total
2026-03-19 03:12:04,263 | INFO | [Model-A] Pool per sample: beam=4 + diverse=0 + sample=3x2=6 = 10 total
2026-03-19 03:12:24,821 | INFO | [Model-A] Pool per sample: beam=4 + diverse=0 + sample=3x2=6 = 10 total
2026-03-19 03:12:44,655 | INFO | [Model-A] Pool per sample: beam=4 + diverse=0 + sample=3x2=6 = 10 total
2026-03-19 03:13:05,213 | INFO | [Model-A] Pool per sample: beam=4 + diverse=0 + sample=3x2=6 = 10 total
2026-03-19 03:13:27,147 | INFO | [Model-A] Pool per sample: beam=4 + diverse=0 + sample=3x2=6 = 10 total
2026-03-19 03:13:47,897 | INFO | [Model-A] Pool per sample: beam=4 + diverse=0 + sample=3x2=6 = 10 total
2026-03-19 03:14:09,613 | INFO | [Model-A] Pool per sample: beam=4 + diverse=0 + sample=3x2=6 = 10 total
2026-03-19 03:14:31,764 | INFO | [Model-A] Pool per sample: beam=4 + diverse=0 + sample=3x2=6 = 10 total
2026-03-19 03:14:53,789 | INFO | [Model-A] Pool per sample: beam=4 + diverse=0 + sample=3x2=6 = 10 total
2026-03-19 03:15:15,441 | INFO | [Model-A] Pool per sample: beam=4 + diverse=0 + sample=3x2=6 = 10 total
2026-03-19 03:15:35,423 | INFO | [Model-A] Pool per sample: beam=4 + diverse=0 + sample=3x2=6 = 10 total
2026-03-19 03:15:57,986 | INFO | [Model-A] Pool per sample: beam=4 + diverse=0 + sample=3x2=6 = 10 total
2026-03-19 03:16:19,484 | INFO | [Model-A] Pool per sample: beam=4 + diverse=0 + sample=3x2=6 = 10 total
2026-03-19 03:16:41,598 | INFO | [Model-A] Pool per sample: beam=4 + diverse=0 + sample=3x2=6 = 10 total
2026-03-19 03:17:04,522 | INFO | [Model-A] Pool per sample: beam=4 + diverse=0 + sample=3x2=6 = 10 total
2026-03-19 03:17:27,199 | INFO | [Model-A] Pool per sample: beam=4 + diverse=0 + sample=3x2=6 = 10 total
2026-03-19 03:17:49,769 | INFO | [Model-A] Pool per sample: beam=4 + diverse=0 + sample=3x2=6 = 10 total
2026-03-19 03:18:11,544 | INFO | [Model-A] Pool per sample: beam=4 + diverse=0 + sample=3x2=6 = 10 total
2026-03-19 03:18:33,959 | INFO | [Model-A] Pool per sample: beam=4 + diverse=0 + sample=3x2=6 = 10 total
2026-03-19 03:18:54,496 | INFO | [Model-A] Pool per sample: beam=4 + diverse=0 + sample=3x2=6 = 10 total
2026-03-19 03:19:15,188 | INFO | [Model-A] Pool per sample: beam=4 + diverse=0 + sample=3x2=6 = 10 total
2026-03-19 03:19:37,023 | INFO | [Model-A] Pool per sample: beam=4 + diverse=0 + sample=3x2=6 = 10 total
2026-03-19 03:19:57,909 | INFO | [Model-A] Pool per sample: beam=4 + diverse=0 + sample=3x2=6 = 10 total
2026-03-19 03:20:19,498 | INFO | [Model-A] Pool per sample: beam=4 + diverse=0 + sample=3x2=6 = 10 total
2026-03-19 03:20:41,798 | INFO | [Model-A] Pool per sample: beam=4 + diverse=0 + sample=3x2=6 = 10 total
2026-03-19 03:21:04,556 | INFO | [Model-A] Pool per sample: beam=4 + diverse=0 + sample=3x2=6 = 10 total
2026-03-19 03:21:26,732 | INFO | [Model-A] Pool per sample: beam=4 + diverse=0 + sample=3x2=6 = 10 total
2026-03-19 03:21:49,190 | INFO | [Model-A] Pool per sample: beam=4 + diverse=0 + sample=3x2=6 = 10 total
2026-03-19 03:22:11,719 | INFO | [Model-A] Pool per sample: beam=4 + diverse=0 + sample=3x2=6 = 10 total
2026-03-19 03:22:33,916 | INFO | [Model-A] Pool per sample: beam=4 + diverse=0 + sample=3x2=6 = 10 total
2026-03-19 03:22:55,656 | INFO | [Model-A] Pool per sample: beam=4 + diverse=0 + sample=3x2=6 = 10 total
2026-03-19 03:23:18,522 | INFO | [Model-A] Pool per sample: beam=4 + diverse=0 + sample=3x2=6 = 10 total
2026-03-19 03:23:40,679 | INFO | [Model-A] Pool per sample: beam=4 + diverse=0 + sample=3x2=6 = 10 total
2026-03-19 03:24:03,532 | INFO | [Model-A] Pool per sample: beam=4 + diverse=0 + sample=3x2=6 = 10 total
2026-03-19 03:24:24,182 | INFO | [Model-A] Pool per sample: beam=4 + diverse=0 + sample=3x2=6 = 10 total
2026-03-19 03:24:45,390 | INFO | [Model-A] Pool per sample: beam=4 + diverse=0 + sample=3x2=6 = 10 total
2026-03-19 03:25:08,025 | INFO | [Model-A] Pool per sample: beam=4 + diverse=0 + sample=3x2=6 = 10 total
2026-03-19 03:25:30,573 | INFO | [Model-A] Pool per sample: beam=4 + diverse=0 + sample=3x2=6 = 10 total
2026-03-19 03:25:52,705 | INFO | [Model-A] Pool per sample: beam=4 + diverse=0 + sample=3x2=6 = 10 total
2026-03-19 03:26:15,461 | INFO | [Model-A] Pool per sample: beam=4 + diverse=0 + sample=3x2=6 = 10 total
2026-03-19 03:26:32,631 | INFO | [Model-A] Pool per sample: beam=4 + diverse=0 + sample=3x2=6 = 10 total
2026-03-19 03:26:54,914 | INFO | [Model-A] Pool per sample: beam=4 + diverse=0 + sample=3x2=6 = 10 total
2026-03-19 03:27:17,600 | INFO | [Model-A] Pool per sample: beam=4 + diverse=0 + sample=3x2=6 = 10 total
2026-03-19 03:27:40,214 | INFO | [Model-A] Pool per sample: beam=4 + diverse=0 + sample=3x2=6 = 10 total
2026-03-19 03:28:00,534 | INFO | [Model-A] Pool per sample: beam=4 + diverse=0 + sample=3x2=6 = 10 total
2026-03-19 03:28:23,089 | INFO | [Model-A] Pool per sample: beam=4 + diverse=0 + sample=3x2=6 = 10 total
2026-03-19 03:28:45,485 | INFO | [Model-A] Pool per sample: beam=4 + diverse=0 + sample=3x2=6 = 10 total
2026-03-19 03:29:07,678 | INFO | [Model-A] Pool per sample: beam=4 + diverse=0 + sample=3x2=6 = 10 total
2026-03-19 03:29:30,054 | INFO | [Model-A] Pool per sample: beam=4 + diverse=0 + sample=3x2=6 = 10 total
2026-03-19 03:29:50,277 | INFO | [Model-A] Pool per sample: beam=4 + diverse=0 + sample=3x2=6 = 10 total
2026-03-19 03:30:13,112 | INFO | [Model-A] Pool per sample: beam=4 + diverse=0 + sample=3x2=6 = 10 total
2026-03-19 03:30:35,337 | INFO | [Model-A] Pool per sample: beam=4 + diverse=0 + sample=3x2=6 = 10 total
2026-03-19 03:30:57,747 | INFO | [Model-A] Pool per sample: beam=4 + diverse=0 + sample=3x2=6 = 10 total
2026-03-19 03:31:20,433 | INFO | [Model-A] Pool per sample: beam=4 + diverse=0 + sample=3x2=6 = 10 total
2026-03-19 03:31:42,945 | INFO | [Model-A] Pool per sample: beam=4 + diverse=0 + sample=3x2=6 = 10 total
2026-03-19 03:32:05,657 | INFO | [Model-A] Pool per sample: beam=4 + diverse=0 + sample=3x2=6 = 10 total
2026-03-19 03:32:28,190 | INFO | [Model-A] Pool per sample: beam=4 + diverse=0 + sample=3x2=6 = 10 total
2026-03-19 03:32:50,607 | INFO | [Model-A] Pool per sample: beam=4 + diverse=0 + sample=3x2=6 = 10 total
2026-03-19 03:33:13,178 | INFO | [Model-A] Pool per sample: beam=4 + diverse=0 + sample=3x2=6 = 10 total
2026-03-19 03:33:35,636 | INFO | [Model-A] Pool per sample: beam=4 + diverse=0 + sample=3x2=6 = 10 total
2026-03-19 03:33:58,070 | INFO | [Model-A] Pool per sample: beam=4 + diverse=0 + sample=3x2=6 = 10 total
2026-03-19 03:34:20,705 | INFO | [Model-A] Pool per sample: beam=4 + diverse=0 + sample=3x2=6 = 10 total
2026-03-19 03:34:42,617 | INFO | [Model-A] Pool per sample: beam=4 + diverse=0 + sample=3x2=6 = 10 total
2026-03-19 03:35:05,482 | INFO | [Model-A] Pool per sample: beam=4 + diverse=0 + sample=3x2=6 = 10 total
2026-03-19 03:35:26,279 | INFO | [Model-A] Pool per sample: beam=4 + diverse=0 + sample=3x2=6 = 10 total
2026-03-19 03:35:47,310 | INFO | [Model-A] Pool per sample: beam=4 + diverse=0 + sample=3x2=6 = 10 total
2026-03-19 03:36:09,840 | INFO | [Model-A] Pool per sample: beam=4 + diverse=0 + sample=3x2=6 = 10 total
2026-03-19 03:36:32,339 | INFO | [Model-A] Pool per sample: beam=4 + diverse=0 + sample=3x2=6 = 10 total
2026-03-19 03:36:54,888 | INFO | [Model-A] Pool per sample: beam=4 + diverse=0 + sample=3x2=6 = 10 total
2026-03-19 03:37:17,597 | INFO | [Model-A] Pool per sample: beam=4 + diverse=0 + sample=3x2=6 = 10 total
2026-03-19 03:37:39,976 | INFO | [Model-A] Pool per sample: beam=4 + diverse=0 + sample=3x2=6 = 10 total
2026-03-19 03:38:02,367 | INFO | [Model-A] Pool per sample: beam=4 + diverse=0 + sample=3x2=6 = 10 total
2026-03-19 03:38:25,565 | INFO | [Model-A] Pool per sample: beam=4 + diverse=0 + sample=3x2=6 = 10 total
2026-03-19 03:38:45,244 | INFO | [Model-A] Pool per sample: beam=4 + diverse=0 + sample=3x2=6 = 10 total
2026-03-19 03:39:06,089 | INFO | [Model-A] Pool per sample: beam=4 + diverse=0 + sample=3x2=6 = 10 total
2026-03-19 03:39:24,568 | INFO | [Model-A] Pool per sample: beam=4 + diverse=0 + sample=3x2=6 = 10 total
2026-03-19 03:39:47,150 | INFO | [Model-A] Pool per sample: beam=4 + diverse=0 + sample=3x2=6 = 10 total
2026-03-19 03:40:09,865 | INFO | [Model-A] Pool per sample: beam=4 + diverse=0 + sample=3x2=6 = 10 total
2026-03-19 03:40:31,978 | INFO | [Model-A] Pool per sample: beam=4 + diverse=0 + sample=3x2=6 = 10 total
2026-03-19 03:40:54,548 | INFO | [Model-A] Pool per sample: beam=4 + diverse=0 + sample=3x2=6 = 10 total
2026-03-19 03:41:17,373 | INFO | [Model-A] Pool per sample: beam=4 + diverse=0 + sample=3x2=6 = 10 total
2026-03-19 03:41:36,158 | INFO | [Model-A] Pool per sample: beam=4 + diverse=0 + sample=3x2=6 = 10 total
2026-03-19 03:41:57,357 | INFO | [Model-A] Pool per sample: beam=4 + diverse=0 + sample=3x2=6 = 10 total
2026-03-19 03:42:19,249 | INFO | [Model-A] Pool per sample: beam=4 + diverse=0 + sample=3x2=6 = 10 total
2026-03-19 03:42:41,722 | INFO | [Model-A] Pool per sample: beam=4 + diverse=0 + sample=3x2=6 = 10 total
2026-03-19 03:43:04,191 | INFO | [Model-A] Pool per sample: beam=4 + diverse=0 + sample=3x2=6 = 10 total
2026-03-19 03:43:26,659 | INFO | [Model-A] Pool per sample: beam=4 + diverse=0 + sample=3x2=6 = 10 total
2026-03-19 03:43:49,444 | INFO | [Model-A] Pool per sample: beam=4 + diverse=0 + sample=3x2=6 = 10 total
2026-03-19 03:44:12,221 | INFO | [Model-A] Pool per sample: beam=4 + diverse=0 + sample=3x2=6 = 10 total
2026-03-19 03:44:33,767 | INFO | [Model-A] Pool per sample: beam=4 + diverse=0 + sample=3x2=6 = 10 total
2026-03-19 03:44:56,248 | INFO | [Model-A] Pool per sample: beam=4 + diverse=0 + sample=3x2=6 = 10 total
2026-03-19 03:45:18,447 | INFO | [Model-A] Pool per sample: beam=4 + diverse=0 + sample=3x2=6 = 10 total
2026-03-19 03:45:41,103 | INFO | [Model-A] Pool per sample: beam=4 + diverse=0 + sample=3x2=6 = 10 total
2026-03-19 03:46:03,069 | INFO | [Model-A] Pool per sample: beam=4 + diverse=0 + sample=3x2=6 = 10 total
2026-03-19 03:46:26,030 | INFO | [Model-A] Pool per sample: beam=4 + diverse=0 + sample=3x2=6 = 10 total
2026-03-19 03:46:48,606 | INFO | [Model-A] Pool per sample: beam=4 + diverse=0 + sample=3x2=6 = 10 total
2026-03-19 03:47:11,594 | INFO | [Model-A] Pool per sample: beam=4 + diverse=0 + sample=3x2=6 = 10 total
2026-03-19 03:47:34,193 | INFO | [Model-A] Pool per sample: beam=4 + diverse=0 + sample=3x2=6 = 10 total
2026-03-19 03:47:56,491 | INFO | [Model-A] Pool per sample: beam=4 + diverse=0 + sample=3x2=6 = 10 total
2026-03-19 03:48:19,341 | INFO | [Model-A] Pool per sample: beam=4 + diverse=0 + sample=3x2=6 = 10 total
2026-03-19 03:48:41,600 | INFO | [Model-A] Pool per sample: beam=4 + diverse=0 + sample=3x2=6 = 10 total
2026-03-19 03:49:04,257 | INFO | [Model-A] Pool per sample: beam=4 + diverse=0 + sample=3x2=6 = 10 total
2026-03-19 03:49:26,766 | INFO | [Model-A] Pool per sample: beam=4 + diverse=0 + sample=3x2=6 = 10 total
2026-03-19 03:49:49,109 | INFO | [Model-A] Pool per sample: beam=4 + diverse=0 + sample=3x2=6 = 10 total
2026-03-19 03:50:11,362 | INFO | [Model-A] Pool per sample: beam=4 + diverse=0 + sample=3x2=6 = 10 total
2026-03-19 03:50:33,683 | INFO | [Model-A] Pool per sample: beam=4 + diverse=0 + sample=3x2=6 = 10 total
2026-03-19 03:50:56,364 | INFO | [Model-A] Pool per sample: beam=4 + diverse=0 + sample=3x2=6 = 10 total
2026-03-19 03:51:18,599 | INFO | [Model-A] Pool per sample: beam=4 + diverse=0 + sample=3x2=6 = 10 total
2026-03-19 03:51:41,187 | INFO | [Model-A] Pool per sample: beam=4 + diverse=0 + sample=3x2=6 = 10 total
2026-03-19 03:52:03,926 | INFO | [Model-A] Pool per sample: beam=4 + diverse=0 + sample=3x2=6 = 10 total
2026-03-19 03:52:26,315 | INFO | [Model-A] Pool per sample: beam=4 + diverse=0 + sample=3x2=6 = 10 total
2026-03-19 03:52:26,486 | INFO | [Model-A] Unloaded. GPU free: 8.58 GB
2026-03-19 03:52:26,486 | INFO | Phase 2/2 ¡ª Model B inference
2026-03-19 03:52:26,486 | INFO | [Model-B] Loading from d:/03_Development/translate_akkadian/input/models/mattiaangeli/byt5-akkadian-mbr-v2-pytorch-default-v1
2026-03-19 03:52:29,740 | INFO | [Model-B] 581,653,248 parameters
2026-03-19 03:52:29,740 | INFO | [Model-B] GPU mem used: 2.39 GB
2026-03-19 03:52:29,741 | WARNING | [Model-B] BetterTransformer skipped: No module named 'optimum'
2026-03-19 03:52:29,742 | INFO |   Bucket 0: 33 samples, len [7, 24]
2026-03-19 03:52:29,742 | INFO |   Bucket 1: 33 samples, len [25, 39]
2026-03-19 03:52:29,742 | INFO |   Bucket 2: 33 samples, len [39, 53]
2026-03-19 03:52:29,742 | INFO |   Bucket 3: 33 samples, len [54, 72]
2026-03-19 03:52:29,742 | INFO |   Bucket 4: 33 samples, len [72, 101]
2026-03-19 03:52:29,743 | INFO |   Bucket 5: 35 samples, len [102, 149]
2026-03-19 03:52:31,445 | INFO | [Model-B] Pool per sample: beam=4 + diverse=0 + sample=3x2=6 = 10 total
2026-03-19 03:52:33,781 | INFO | [Model-B] Pool per sample: beam=4 + diverse=0 + sample=3x2=6 = 10 total
2026-03-19 03:52:36,326 | INFO | [Model-B] Pool per sample: beam=4 + diverse=0 + sample=3x2=6 = 10 total
2026-03-19 03:52:39,756 | INFO | [Model-B] Pool per sample: beam=4 + diverse=0 + sample=3x2=6 = 10 total
2026-03-19 03:52:44,205 | INFO | [Model-B] Pool per sample: beam=4 + diverse=0 + sample=3x2=6 = 10 total
2026-03-19 03:52:47,351 | INFO | [Model-B] Pool per sample: beam=4 + diverse=0 + sample=3x2=6 = 10 total
2026-03-19 03:52:51,516 | INFO | [Model-B] Pool per sample: beam=4 + diverse=0 + sample=3x2=6 = 10 total
2026-03-19 03:52:55,738 | INFO | [Model-B] Pool per sample: beam=4 + diverse=0 + sample=3x2=6 = 10 total
2026-03-19 03:53:01,229 | INFO | [Model-B] Pool per sample: beam=4 + diverse=0 + sample=3x2=6 = 10 total
2026-03-19 03:53:05,808 | INFO | [Model-B] Pool per sample: beam=4 + diverse=0 + sample=3x2=6 = 10 total
2026-03-19 03:53:09,929 | INFO | [Model-B] Pool per sample: beam=4 + diverse=0 + sample=3x2=6 = 10 total
2026-03-19 03:53:13,833 | INFO | [Model-B] Pool per sample: beam=4 + diverse=0 + sample=3x2=6 = 10 total
2026-03-19 03:53:18,763 | INFO | [Model-B] Pool per sample: beam=4 + diverse=0 + sample=3x2=6 = 10 total
2026-03-19 03:53:24,489 | INFO | [Model-B] Pool per sample: beam=4 + diverse=0 + sample=3x2=6 = 10 total
2026-03-19 03:53:31,487 | INFO | [Model-B] Pool per sample: beam=4 + diverse=0 + sample=3x2=6 = 10 total
2026-03-19 03:53:36,779 | INFO | [Model-B] Pool per sample: beam=4 + diverse=0 + sample=3x2=6 = 10 total
2026-03-19 03:53:42,343 | INFO | [Model-B] Pool per sample: beam=4 + diverse=0 + sample=3x2=6 = 10 total
2026-03-19 03:53:50,983 | INFO | [Model-B] Pool per sample: beam=4 + diverse=0 + sample=3x2=6 = 10 total
2026-03-19 03:53:58,632 | INFO | [Model-B] Pool per sample: beam=4 + diverse=0 + sample=3x2=6 = 10 total
2026-03-19 03:54:05,587 | INFO | [Model-B] Pool per sample: beam=4 + diverse=0 + sample=3x2=6 = 10 total
2026-03-19 03:54:14,590 | INFO | [Model-B] Pool per sample: beam=4 + diverse=0 + sample=3x2=6 = 10 total
2026-03-19 03:54:22,292 | INFO | [Model-B] Pool per sample: beam=4 + diverse=0 + sample=3x2=6 = 10 total
2026-03-19 03:54:30,137 | INFO | [Model-B] Pool per sample: beam=4 + diverse=0 + sample=3x2=6 = 10 total
2026-03-19 03:54:41,022 | INFO | [Model-B] Pool per sample: beam=4 + diverse=0 + sample=3x2=6 = 10 total
2026-03-19 03:54:47,902 | INFO | [Model-B] Pool per sample: beam=4 + diverse=0 + sample=3x2=6 = 10 total
2026-03-19 03:54:57,820 | INFO | [Model-B] Pool per sample: beam=4 + diverse=0 + sample=3x2=6 = 10 total
2026-03-19 03:55:07,136 | INFO | [Model-B] Pool per sample: beam=4 + diverse=0 + sample=3x2=6 = 10 total
2026-03-19 03:55:15,623 | INFO | [Model-B] Pool per sample: beam=4 + diverse=0 + sample=3x2=6 = 10 total
2026-03-19 03:55:22,647 | INFO | [Model-B] Pool per sample: beam=4 + diverse=0 + sample=3x2=6 = 10 total
2026-03-19 03:55:30,155 | INFO | [Model-B] Pool per sample: beam=4 + diverse=0 + sample=3x2=6 = 10 total
2026-03-19 03:55:40,788 | INFO | [Model-B] Pool per sample: beam=4 + diverse=0 + sample=3x2=6 = 10 total
2026-03-19 03:55:53,335 | INFO | [Model-B] Pool per sample: beam=4 + diverse=0 + sample=3x2=6 = 10 total
2026-03-19 03:56:05,288 | INFO | [Model-B] Pool per sample: beam=4 + diverse=0 + sample=3x2=6 = 10 total
2026-03-19 03:56:12,981 | INFO | [Model-B] Pool per sample: beam=4 + diverse=0 + sample=3x2=6 = 10 total
2026-03-19 03:56:25,386 | INFO | [Model-B] Pool per sample: beam=4 + diverse=0 + sample=3x2=6 = 10 total
2026-03-19 03:56:37,115 | INFO | [Model-B] Pool per sample: beam=4 + diverse=0 + sample=3x2=6 = 10 total
2026-03-19 03:56:48,894 | INFO | [Model-B] Pool per sample: beam=4 + diverse=0 + sample=3x2=6 = 10 total
2026-03-19 03:57:00,261 | INFO | [Model-B] Pool per sample: beam=4 + diverse=0 + sample=3x2=6 = 10 total
2026-03-19 03:57:12,239 | INFO | [Model-B] Pool per sample: beam=4 + diverse=0 + sample=3x2=6 = 10 total
2026-03-19 03:57:25,084 | INFO | [Model-B] Pool per sample: beam=4 + diverse=0 + sample=3x2=6 = 10 total
2026-03-19 03:57:42,125 | INFO | [Model-B] Pool per sample: beam=4 + diverse=0 + sample=3x2=6 = 10 total
2026-03-19 03:57:59,820 | INFO | [Model-B] Pool per sample: beam=4 + diverse=0 + sample=3x2=6 = 10 total
2026-03-19 03:58:12,481 | INFO | [Model-B] Pool per sample: beam=4 + diverse=0 + sample=3x2=6 = 10 total
2026-03-19 03:58:26,454 | INFO | [Model-B] Pool per sample: beam=4 + diverse=0 + sample=3x2=6 = 10 total
2026-03-19 03:58:36,806 | INFO | [Model-B] Pool per sample: beam=4 + diverse=0 + sample=3x2=6 = 10 total
2026-03-19 03:58:54,673 | INFO | [Model-B] Pool per sample: beam=4 + diverse=0 + sample=3x2=6 = 10 total
2026-03-19 03:59:06,406 | INFO | [Model-B] Pool per sample: beam=4 + diverse=0 + sample=3x2=6 = 10 total
2026-03-19 03:59:18,985 | INFO | [Model-B] Pool per sample: beam=4 + diverse=0 + sample=3x2=6 = 10 total
2026-03-19 03:59:31,708 | INFO | [Model-B] Pool per sample: beam=4 + diverse=0 + sample=3x2=6 = 10 total
2026-03-19 03:59:47,017 | INFO | [Model-B] Pool per sample: beam=4 + diverse=0 + sample=3x2=6 = 10 total
2026-03-19 04:00:00,822 | INFO | [Model-B] Pool per sample: beam=4 + diverse=0 + sample=3x2=6 = 10 total
2026-03-19 04:00:16,980 | INFO | [Model-B] Pool per sample: beam=4 + diverse=0 + sample=3x2=6 = 10 total
2026-03-19 04:00:30,581 | INFO | [Model-B] Pool per sample: beam=4 + diverse=0 + sample=3x2=6 = 10 total
2026-03-19 04:00:39,872 | INFO | [Model-B] Pool per sample: beam=4 + diverse=0 + sample=3x2=6 = 10 total
2026-03-19 04:00:55,971 | INFO | [Model-B] Pool per sample: beam=4 + diverse=0 + sample=3x2=6 = 10 total
2026-03-19 04:01:11,079 | INFO | [Model-B] Pool per sample: beam=4 + diverse=0 + sample=3x2=6 = 10 total
2026-03-19 04:01:28,103 | INFO | [Model-B] Pool per sample: beam=4 + diverse=0 + sample=3x2=6 = 10 total
2026-03-19 04:01:41,503 | INFO | [Model-B] Pool per sample: beam=4 + diverse=0 + sample=3x2=6 = 10 total
2026-03-19 04:01:55,438 | INFO | [Model-B] Pool per sample: beam=4 + diverse=0 + sample=3x2=6 = 10 total
2026-03-19 04:02:10,692 | INFO | [Model-B] Pool per sample: beam=4 + diverse=0 + sample=3x2=6 = 10 total
2026-03-19 04:02:18,284 | INFO | [Model-B] Pool per sample: beam=4 + diverse=0 + sample=3x2=6 = 10 total
2026-03-19 04:02:39,879 | INFO | [Model-B] Pool per sample: beam=4 + diverse=0 + sample=3x2=6 = 10 total
2026-03-19 04:02:56,504 | INFO | [Model-B] Pool per sample: beam=4 + diverse=0 + sample=3x2=6 = 10 total
2026-03-19 04:03:10,786 | INFO | [Model-B] Pool per sample: beam=4 + diverse=0 + sample=3x2=6 = 10 total
2026-03-19 04:03:26,759 | INFO | [Model-B] Pool per sample: beam=4 + diverse=0 + sample=3x2=6 = 10 total
2026-03-19 04:03:43,904 | INFO | [Model-B] Pool per sample: beam=4 + diverse=0 + sample=3x2=6 = 10 total
2026-03-19 04:04:01,983 | INFO | [Model-B] Pool per sample: beam=4 + diverse=0 + sample=3x2=6 = 10 total
2026-03-19 04:04:18,838 | INFO | [Model-B] Pool per sample: beam=4 + diverse=0 + sample=3x2=6 = 10 total
2026-03-19 04:04:39,110 | INFO | [Model-B] Pool per sample: beam=4 + diverse=0 + sample=3x2=6 = 10 total
2026-03-19 04:04:57,939 | INFO | [Model-B] Pool per sample: beam=4 + diverse=0 + sample=3x2=6 = 10 total
2026-03-19 04:05:15,977 | INFO | [Model-B] Pool per sample: beam=4 + diverse=0 + sample=3x2=6 = 10 total
2026-03-19 04:05:33,822 | INFO | [Model-B] Pool per sample: beam=4 + diverse=0 + sample=3x2=6 = 10 total
2026-03-19 04:05:48,611 | INFO | [Model-B] Pool per sample: beam=4 + diverse=0 + sample=3x2=6 = 10 total
2026-03-19 04:06:09,625 | INFO | [Model-B] Pool per sample: beam=4 + diverse=0 + sample=3x2=6 = 10 total
2026-03-19 04:06:28,689 | INFO | [Model-B] Pool per sample: beam=4 + diverse=0 + sample=3x2=6 = 10 total
2026-03-19 04:06:46,484 | INFO | [Model-B] Pool per sample: beam=4 + diverse=0 + sample=3x2=6 = 10 total
2026-03-19 04:07:07,390 | INFO | [Model-B] Pool per sample: beam=4 + diverse=0 + sample=3x2=6 = 10 total
2026-03-19 04:07:23,847 | INFO | [Model-B] Pool per sample: beam=4 + diverse=0 + sample=3x2=6 = 10 total
2026-03-19 04:07:43,682 | INFO | [Model-B] Pool per sample: beam=4 + diverse=0 + sample=3x2=6 = 10 total
2026-03-19 04:08:04,246 | INFO | [Model-B] Pool per sample: beam=4 + diverse=0 + sample=3x2=6 = 10 total
2026-03-19 04:08:25,463 | INFO | [Model-B] Pool per sample: beam=4 + diverse=0 + sample=3x2=6 = 10 total
2026-03-19 04:08:47,459 | INFO | [Model-B] Pool per sample: beam=4 + diverse=0 + sample=3x2=6 = 10 total
2026-03-19 04:09:09,964 | INFO | [Model-B] Pool per sample: beam=4 + diverse=0 + sample=3x2=6 = 10 total
2026-03-19 04:09:25,753 | INFO | [Model-B] Pool per sample: beam=4 + diverse=0 + sample=3x2=6 = 10 total
2026-03-19 04:09:44,735 | INFO | [Model-B] Pool per sample: beam=4 + diverse=0 + sample=3x2=6 = 10 total
2026-03-19 04:10:05,758 | INFO | [Model-B] Pool per sample: beam=4 + diverse=0 + sample=3x2=6 = 10 total
2026-03-19 04:10:26,743 | INFO | [Model-B] Pool per sample: beam=4 + diverse=0 + sample=3x2=6 = 10 total
2026-03-19 04:10:48,261 | INFO | [Model-B] Pool per sample: beam=4 + diverse=0 + sample=3x2=6 = 10 total
2026-03-19 04:11:10,880 | INFO | [Model-B] Pool per sample: beam=4 + diverse=0 + sample=3x2=6 = 10 total
2026-03-19 04:11:33,588 | INFO | [Model-B] Pool per sample: beam=4 + diverse=0 + sample=3x2=6 = 10 total
2026-03-19 04:11:54,874 | INFO | [Model-B] Pool per sample: beam=4 + diverse=0 + sample=3x2=6 = 10 total
2026-03-19 04:12:17,512 | INFO | [Model-B] Pool per sample: beam=4 + diverse=0 + sample=3x2=6 = 10 total
2026-03-19 04:12:36,814 | INFO | [Model-B] Pool per sample: beam=4 + diverse=0 + sample=3x2=6 = 10 total
2026-03-19 04:12:59,768 | INFO | [Model-B] Pool per sample: beam=4 + diverse=0 + sample=3x2=6 = 10 total
2026-03-19 04:13:22,355 | INFO | [Model-B] Pool per sample: beam=4 + diverse=0 + sample=3x2=6 = 10 total
2026-03-19 04:13:44,420 | INFO | [Model-B] Pool per sample: beam=4 + diverse=0 + sample=3x2=6 = 10 total
2026-03-19 04:14:07,521 | INFO | [Model-B] Pool per sample: beam=4 + diverse=0 + sample=3x2=6 = 10 total
2026-03-19 04:14:30,714 | INFO | [Model-B] Pool per sample: beam=4 + diverse=0 + sample=3x2=6 = 10 total
2026-03-19 04:14:52,395 | INFO | [Model-B] Pool per sample: beam=4 + diverse=0 + sample=3x2=6 = 10 total
2026-03-19 04:15:14,873 | INFO | [Model-B] Pool per sample: beam=4 + diverse=0 + sample=3x2=6 = 10 total
2026-03-19 04:15:37,494 | INFO | [Model-B] Pool per sample: beam=4 + diverse=0 + sample=3x2=6 = 10 total
2026-03-19 04:15:59,681 | INFO | [Model-B] Pool per sample: beam=4 + diverse=0 + sample=3x2=6 = 10 total
2026-03-19 04:16:21,985 | INFO | [Model-B] Pool per sample: beam=4 + diverse=0 + sample=3x2=6 = 10 total
2026-03-19 04:16:44,268 | INFO | [Model-B] Pool per sample: beam=4 + diverse=0 + sample=3x2=6 = 10 total
2026-03-19 04:17:06,876 | INFO | [Model-B] Pool per sample: beam=4 + diverse=0 + sample=3x2=6 = 10 total
2026-03-19 04:17:29,603 | INFO | [Model-B] Pool per sample: beam=4 + diverse=0 + sample=3x2=6 = 10 total
2026-03-19 04:17:51,993 | INFO | [Model-B] Pool per sample: beam=4 + diverse=0 + sample=3x2=6 = 10 total
2026-03-19 04:18:14,461 | INFO | [Model-B] Pool per sample: beam=4 + diverse=0 + sample=3x2=6 = 10 total
2026-03-19 04:18:36,306 | INFO | [Model-B] Pool per sample: beam=4 + diverse=0 + sample=3x2=6 = 10 total
2026-03-19 04:18:57,378 | INFO | [Model-B] Pool per sample: beam=4 + diverse=0 + sample=3x2=6 = 10 total
2026-03-19 04:19:19,914 | INFO | [Model-B] Pool per sample: beam=4 + diverse=0 + sample=3x2=6 = 10 total
2026-03-19 04:19:42,229 | INFO | [Model-B] Pool per sample: beam=4 + diverse=0 + sample=3x2=6 = 10 total
2026-03-19 04:20:04,776 | INFO | [Model-B] Pool per sample: beam=4 + diverse=0 + sample=3x2=6 = 10 total
2026-03-19 04:20:27,442 | INFO | [Model-B] Pool per sample: beam=4 + diverse=0 + sample=3x2=6 = 10 total
2026-03-19 04:20:50,018 | INFO | [Model-B] Pool per sample: beam=4 + diverse=0 + sample=3x2=6 = 10 total
2026-03-19 04:21:12,894 | INFO | [Model-B] Pool per sample: beam=4 + diverse=0 + sample=3x2=6 = 10 total
2026-03-19 04:21:35,501 | INFO | [Model-B] Pool per sample: beam=4 + diverse=0 + sample=3x2=6 = 10 total
2026-03-19 04:21:58,163 | INFO | [Model-B] Pool per sample: beam=4 + diverse=0 + sample=3x2=6 = 10 total
2026-03-19 04:22:20,819 | INFO | [Model-B] Pool per sample: beam=4 + diverse=0 + sample=3x2=6 = 10 total
2026-03-19 04:22:43,632 | INFO | [Model-B] Pool per sample: beam=4 + diverse=0 + sample=3x2=6 = 10 total
2026-03-19 04:23:06,427 | INFO | [Model-B] Pool per sample: beam=4 + diverse=0 + sample=3x2=6 = 10 total
2026-03-19 04:23:29,254 | INFO | [Model-B] Pool per sample: beam=4 + diverse=0 + sample=3x2=6 = 10 total
2026-03-19 04:23:52,177 | INFO | [Model-B] Pool per sample: beam=4 + diverse=0 + sample=3x2=6 = 10 total
2026-03-19 04:24:15,096 | INFO | [Model-B] Pool per sample: beam=4 + diverse=0 + sample=3x2=6 = 10 total
2026-03-19 04:24:37,704 | INFO | [Model-B] Pool per sample: beam=4 + diverse=0 + sample=3x2=6 = 10 total
2026-03-19 04:25:00,219 | INFO | [Model-B] Pool per sample: beam=4 + diverse=0 + sample=3x2=6 = 10 total
2026-03-19 04:25:22,873 | INFO | [Model-B] Pool per sample: beam=4 + diverse=0 + sample=3x2=6 = 10 total
2026-03-19 04:25:45,368 | INFO | [Model-B] Pool per sample: beam=4 + diverse=0 + sample=3x2=6 = 10 total
2026-03-19 04:26:08,191 | INFO | [Model-B] Pool per sample: beam=4 + diverse=0 + sample=3x2=6 = 10 total
2026-03-19 04:26:30,666 | INFO | [Model-B] Pool per sample: beam=4 + diverse=0 + sample=3x2=6 = 10 total
2026-03-19 04:26:53,261 | INFO | [Model-B] Pool per sample: beam=4 + diverse=0 + sample=3x2=6 = 10 total
2026-03-19 04:27:16,308 | INFO | [Model-B] Pool per sample: beam=4 + diverse=0 + sample=3x2=6 = 10 total
2026-03-19 04:27:38,837 | INFO | [Model-B] Pool per sample: beam=4 + diverse=0 + sample=3x2=6 = 10 total
2026-03-19 04:28:01,551 | INFO | [Model-B] Pool per sample: beam=4 + diverse=0 + sample=3x2=6 = 10 total
2026-03-19 04:28:23,983 | INFO | [Model-B] Pool per sample: beam=4 + diverse=0 + sample=3x2=6 = 10 total
2026-03-19 04:28:46,623 | INFO | [Model-B] Pool per sample: beam=4 + diverse=0 + sample=3x2=6 = 10 total
2026-03-19 04:29:09,401 | INFO | [Model-B] Pool per sample: beam=4 + diverse=0 + sample=3x2=6 = 10 total
2026-03-19 04:29:32,124 | INFO | [Model-B] Pool per sample: beam=4 + diverse=0 + sample=3x2=6 = 10 total
2026-03-19 04:29:54,604 | INFO | [Model-B] Pool per sample: beam=4 + diverse=0 + sample=3x2=6 = 10 total
2026-03-19 04:30:17,195 | INFO | [Model-B] Pool per sample: beam=4 + diverse=0 + sample=3x2=6 = 10 total
2026-03-19 04:30:39,825 | INFO | [Model-B] Pool per sample: beam=4 + diverse=0 + sample=3x2=6 = 10 total
2026-03-19 04:31:02,306 | INFO | [Model-B] Pool per sample: beam=4 + diverse=0 + sample=3x2=6 = 10 total
2026-03-19 04:31:24,858 | INFO | [Model-B] Pool per sample: beam=4 + diverse=0 + sample=3x2=6 = 10 total
2026-03-19 04:31:47,313 | INFO | [Model-B] Pool per sample: beam=4 + diverse=0 + sample=3x2=6 = 10 total
2026-03-19 04:32:09,975 | INFO | [Model-B] Pool per sample: beam=4 + diverse=0 + sample=3x2=6 = 10 total
2026-03-19 04:32:32,359 | INFO | [Model-B] Pool per sample: beam=4 + diverse=0 + sample=3x2=6 = 10 total
2026-03-19 04:32:54,754 | INFO | [Model-B] Pool per sample: beam=4 + diverse=0 + sample=3x2=6 = 10 total
2026-03-19 04:33:17,291 | INFO | [Model-B] Pool per sample: beam=4 + diverse=0 + sample=3x2=6 = 10 total
2026-03-19 04:33:39,615 | INFO | [Model-B] Pool per sample: beam=4 + diverse=0 + sample=3x2=6 = 10 total
2026-03-19 04:34:02,039 | INFO | [Model-B] Pool per sample: beam=4 + diverse=0 + sample=3x2=6 = 10 total
2026-03-19 04:34:24,697 | INFO | [Model-B] Pool per sample: beam=4 + diverse=0 + sample=3x2=6 = 10 total
2026-03-19 04:34:47,277 | INFO | [Model-B] Pool per sample: beam=4 + diverse=0 + sample=3x2=6 = 10 total
2026-03-19 04:35:09,864 | INFO | [Model-B] Pool per sample: beam=4 + diverse=0 + sample=3x2=6 = 10 total
2026-03-19 04:35:32,376 | INFO | [Model-B] Pool per sample: beam=4 + diverse=0 + sample=3x2=6 = 10 total
2026-03-19 04:35:55,075 | INFO | [Model-B] Pool per sample: beam=4 + diverse=0 + sample=3x2=6 = 10 total
2026-03-19 04:36:17,726 | INFO | [Model-B] Pool per sample: beam=4 + diverse=0 + sample=3x2=6 = 10 total
2026-03-19 04:36:40,340 | INFO | [Model-B] Pool per sample: beam=4 + diverse=0 + sample=3x2=6 = 10 total
2026-03-19 04:37:02,812 | INFO | [Model-B] Pool per sample: beam=4 + diverse=0 + sample=3x2=6 = 10 total
2026-03-19 04:37:25,739 | INFO | [Model-B] Pool per sample: beam=4 + diverse=0 + sample=3x2=6 = 10 total
2026-03-19 04:37:48,267 | INFO | [Model-B] Pool per sample: beam=4 + diverse=0 + sample=3x2=6 = 10 total
2026-03-19 04:38:10,739 | INFO | [Model-B] Pool per sample: beam=4 + diverse=0 + sample=3x2=6 = 10 total
2026-03-19 04:38:33,384 | INFO | [Model-B] Pool per sample: beam=4 + diverse=0 + sample=3x2=6 = 10 total
2026-03-19 04:38:56,530 | INFO | [Model-B] Pool per sample: beam=4 + diverse=0 + sample=3x2=6 = 10 total
2026-03-19 04:39:19,391 | INFO | [Model-B] Pool per sample: beam=4 + diverse=0 + sample=3x2=6 = 10 total
2026-03-19 04:39:41,854 | INFO | [Model-B] Pool per sample: beam=4 + diverse=0 + sample=3x2=6 = 10 total
2026-03-19 04:40:04,417 | INFO | [Model-B] Pool per sample: beam=4 + diverse=0 + sample=3x2=6 = 10 total
2026-03-19 04:40:27,219 | INFO | [Model-B] Pool per sample: beam=4 + diverse=0 + sample=3x2=6 = 10 total
2026-03-19 04:40:49,973 | INFO | [Model-B] Pool per sample: beam=4 + diverse=0 + sample=3x2=6 = 10 total
2026-03-19 04:41:12,710 | INFO | [Model-B] Pool per sample: beam=4 + diverse=0 + sample=3x2=6 = 10 total
2026-03-19 04:41:35,416 | INFO | [Model-B] Pool per sample: beam=4 + diverse=0 + sample=3x2=6 = 10 total
2026-03-19 04:41:58,086 | INFO | [Model-B] Pool per sample: beam=4 + diverse=0 + sample=3x2=6 = 10 total
2026-03-19 04:42:20,927 | INFO | [Model-B] Pool per sample: beam=4 + diverse=0 + sample=3x2=6 = 10 total
2026-03-19 04:42:43,486 | INFO | [Model-B] Pool per sample: beam=4 + diverse=0 + sample=3x2=6 = 10 total
2026-03-19 04:43:06,101 | INFO | [Model-B] Pool per sample: beam=4 + diverse=0 + sample=3x2=6 = 10 total
2026-03-19 04:43:28,642 | INFO | [Model-B] Pool per sample: beam=4 + diverse=0 + sample=3x2=6 = 10 total
2026-03-19 04:43:51,144 | INFO | [Model-B] Pool per sample: beam=4 + diverse=0 + sample=3x2=6 = 10 total
2026-03-19 04:44:13,846 | INFO | [Model-B] Pool per sample: beam=4 + diverse=0 + sample=3x2=6 = 10 total
2026-03-19 04:44:36,173 | INFO | [Model-B] Pool per sample: beam=4 + diverse=0 + sample=3x2=6 = 10 total
2026-03-19 04:44:58,503 | INFO | [Model-B] Pool per sample: beam=4 + diverse=0 + sample=3x2=6 = 10 total
2026-03-19 04:45:20,993 | INFO | [Model-B] Pool per sample: beam=4 + diverse=0 + sample=3x2=6 = 10 total
2026-03-19 04:45:43,600 | INFO | [Model-B] Pool per sample: beam=4 + diverse=0 + sample=3x2=6 = 10 total
2026-03-19 04:46:06,150 | INFO | [Model-B] Pool per sample: beam=4 + diverse=0 + sample=3x2=6 = 10 total
2026-03-19 04:46:29,036 | INFO | [Model-B] Pool per sample: beam=4 + diverse=0 + sample=3x2=6 = 10 total
2026-03-19 04:46:51,441 | INFO | [Model-B] Pool per sample: beam=4 + diverse=0 + sample=3x2=6 = 10 total
2026-03-19 04:47:14,008 | INFO | [Model-B] Pool per sample: beam=4 + diverse=0 + sample=3x2=6 = 10 total
2026-03-19 04:47:36,962 | INFO | [Model-B] Pool per sample: beam=4 + diverse=0 + sample=3x2=6 = 10 total
2026-03-19 04:47:59,166 | INFO | [Model-B] Pool per sample: beam=4 + diverse=0 + sample=3x2=6 = 10 total
2026-03-19 04:48:21,771 | INFO | [Model-B] Pool per sample: beam=4 + diverse=0 + sample=3x2=6 = 10 total
2026-03-19 04:48:44,291 | INFO | [Model-B] Pool per sample: beam=4 + diverse=0 + sample=3x2=6 = 10 total
2026-03-19 04:49:06,899 | INFO | [Model-B] Pool per sample: beam=4 + diverse=0 + sample=3x2=6 = 10 total
2026-03-19 04:49:29,439 | INFO | [Model-B] Pool per sample: beam=4 + diverse=0 + sample=3x2=6 = 10 total
2026-03-19 04:49:51,906 | INFO | [Model-B] Pool per sample: beam=4 + diverse=0 + sample=3x2=6 = 10 total
2026-03-19 04:50:14,482 | INFO | [Model-B] Pool per sample: beam=4 + diverse=0 + sample=3x2=6 = 10 total
2026-03-19 04:50:36,792 | INFO | [Model-B] Pool per sample: beam=4 + diverse=0 + sample=3x2=6 = 10 total
2026-03-19 04:50:59,386 | INFO | [Model-B] Pool per sample: beam=4 + diverse=0 + sample=3x2=6 = 10 total
2026-03-19 04:51:22,066 | INFO | [Model-B] Pool per sample: beam=4 + diverse=0 + sample=3x2=6 = 10 total
2026-03-19 04:51:44,831 | INFO | [Model-B] Pool per sample: beam=4 + diverse=0 + sample=3x2=6 = 10 total
2026-03-19 04:52:07,409 | INFO | [Model-B] Pool per sample: beam=4 + diverse=0 + sample=3x2=6 = 10 total
2026-03-19 04:52:29,955 | INFO | [Model-B] Pool per sample: beam=4 + diverse=0 + sample=3x2=6 = 10 total
2026-03-19 04:52:52,557 | INFO | [Model-B] Pool per sample: beam=4 + diverse=0 + sample=3x2=6 = 10 total
2026-03-19 04:52:52,717 | INFO | [Model-B] Unloaded. GPU free: 8.58 GB
2026-03-19 04:52:52,717 | INFO | Phase 3/3 ¡ª Pool merge + MBR selection
2026-03-19 04:54:00,903 | INFO |   Checkpoint: 200 rows ¡ú d:\03_Development\translate_akkadian\working\checkpoint_200.csv
2026-03-19 04:54:00,903 | INFO | ============================================================
2026-03-19 04:54:00,906 | INFO | Empty     : 0 (0.00%)
2026-03-19 04:54:00,908 | INFO | Len mean  : 297.1  median: 362.0  min: 22  max: 436
2026-03-19 04:54:00,911 | INFO |   ID 080d13ab-4e1a-4865-86b0-1018f7a43b93: Of the 11 minas of silver from your tablet, 5 minas of silver and the 2 minas of
2026-03-19 04:54:00,917 | INFO | ============================================================
2026-03-19 04:54:00,920 | INFO | Saved ¡ú d:\03_Development\translate_akkadian\working\submission.csv  (200 rows)
